url,page_content,about_content,contact_content,logo,error,extracted_content,extracted_about,extracted_contact
https://www.vitachiropractic.com.au/,"Vita Chiropractic - Chiropractor Services Chiro Newstead
Home
Book Online Now
Services
Chiropractic
Remedial Massage
Myofascial Cupping
Pregnancy Massage
Pricing
Blog
Gift Cards
Privacy policy
Contact
Vita Chiropractic & Massage in Newstead
Welcome to
Vita Chiropractic & Massage
.
Our clinic offers chiropractic and therapeutic, deep tissue massage in the Fortitude Valley / New Farm / Newstead area, conveniently located at 68 Commercial Rd (corner of Masters St and Commercial Rd), Newstead (less than 200 meters from Gasworx).
We specialise in treating pain and offer a personalised service for every client.  If you need help with treatment of a specific injury, want to improve your posture, or need help repairing, stretching and energising your body while training, make an appointment and start feeling better today!
BOOK ONLINE NOW
Treatments available
+ Health rebates available﻿
+ ﻿Chiropractic﻿
+ Remedial Ma﻿ssage﻿﻿﻿
+ Deep Tissue Massage
+
﻿﻿Pre-natal / Pregnancy Massage﻿﻿
+
Trigger Point Therapy
+
﻿Myofascial Cupping﻿
+
prices
start f﻿rom $70
Trading hours
By appointment.  Closing time indicates last appointment end time.
Monday           1pm - 6:30pm
Tuesday           CLOSED
Wednesday     8:30am – 6:30pm
Thursday         8:30am - 6:30pm
Friday               CLOSED
Saturday          CLOSED
BOOK ONLINE NOW
What is chiropractic?
Chiropractic is a healthcare discipline that focuses on the diagnosis and treatment of mechanical disorders of the musculoskeletal system, particularly the spine. Chiropractors primarily use their hands to perform manual adjustments and manipulations to the spine or other parts of the body. The goal of chiropractic care is to alleviate pain, improve function, and promote the body's natural ability to heal itself without the use of medication or surgery.
Chiropractors believe that proper alignment of the body's musculoskeletal structure, particularly the spine, allows the body to heal itself. They use various techniques, including spinal adjustments, manipulation, and other manual therapies to address issues related to the body's alignment, joint mobility, and overall musculoskeletal function.
Chiropractic services are commonly sought for conditions such as back pain, neck pain, headaches, and musculoskeletal issues. Chiropractors may also provide advice on exercise, ergonomics, and lifestyle changes to complement their treatments.
Benefits of chiropractic care
Chiropractors have an in-depth understanding of the human body, the central nervous system and all
of
its functions.
By focusing on your entire body, including all your muscles, joints
, nerves
and the musculoskeletal system
,
chiropractor services are able to treat a number of different conditions.
Below are some of the
benefits
you’ll
receive
from treatment at Vita Chiropractic
:
+ Decreased
pain in one or two sessions
+ Headache relief
+ Increased range of motion
+ Relie
f of
chronic pain
+ Focus on the root cause of your pain
BOOK ONLINE NOW
Issues we work with
Chiropractic treatments can be used to manage a wide range of conditions such as:
+ Headaches & migraines
+ Lower back pain
+ Sciatica
+ Neck & shoulder pain
+ Postural issues
+ Tendonitis pain
+ Tennis elbow
& Golfer's elbow
+ Muscular injuries
+ Sporting injuries
+ Joint pain
+TMJ adjustment
+ Surgery prevention
Why choose us?
At
Vita
Chiropractic, our
main focus
is you.
We treat a wide range of symptoms in people of all ages, from children to the elderly, providing you with the most effective chiropractic treatment to relieve your pain.
We
will use
our
knowledge and experience to ensure you understand your condition and to support you through the treatment process
.
Our aim is to
help manage your transition to healing and living your best life.
+ Convenient
location in Newstead
+ Treatments tailored for your unique needs
+ Holistic treatment for your pain
Areas we serve:
Located in Newstead, an inner northern river suburb of Brisbane, we are a few minutes away from the following suburbs:
+
New Farm
+
Fortitude Valley
+
Spring Hill
+
Bowen Hill
+
Herston (Royal Brisbane and Women's Hospital)
+
Albion
+
Windsor
+ Hamilton
+ Paddington
BOOK ONLINE NOW
Special offer
Buy 10 massage treatments and get one free.
* Offers are transferable
Gift vouchers
Massage gift vouchers available at the clinic or we can post them to you or someone special.
BOOK ONLINE NOW
Vita Chiropractic & Massage
68 Commercial Rd    Newstead     QLD     4006
Phone / Text 0408 828 838
Home
Book Online Now
Services
Chiropractic
Remedial Massage
Myofascial Cupping
Pregnancy Massage
Pricing
Blog
Gift Cards
Privacy policy
Contact",,"Service Chiro Newstead Sacro Occipital Technic - Vita Chiropractic
Home
Book Online Now
Services
Chiropractic
Remedial Massage
Myofascial Cupping
Pregnancy Massage
Pricing
Blog
Gift Cards
Privacy policy
Contact
Address
68 Commercial Rd (corner of Masters St and Commercial Rd), Newstead, Brisbane (less than 200 meters from Gasworx)
Phone
0408 828 838
Email
[email protected]
Please book online or call / text Sue on
0408 828 838
with any enquiries.
Contact / Booking form
*
Indicates required field
Name
*
First
Last
Email
*
Mobile Phone
*
Comment
*
Submit
Vita Chiropractic & Massage
68 Commercial Rd    Newstead     QLD     4006
Phone / Text 0408 828 838
Home
Book Online Now
Services
Chiropractic
Remedial Massage
Myofascial Cupping
Pregnancy Massage
Pricing
Blog
Gift Cards
Privacy policy
Contact",iVBORw0KGgoAAAANSUhEUgAAAK8AAAAdCAYAAADckDwLAAAfgElEQVR4nO2cZ7htZ1Xvf//xzrXWrqcnOalgQmgqBpQ0cgUFxAgCN3oRCAhSzUFAQBGULk0RCxAQAuEikgcEQQSJFCkS6RpKgGsSCITkJDm97LLKfMf/fphrn3MSEi/P/SIfMp5n77XXXnO+Zbyj/seYSxsuOPNZhnMQF8n8M1D2Hb1YeenHWfidsylZhbBhs1JvBr2drP9EKS/H/gmJ5xquDwNwx4TfBxXwLLBBsMXoY8IvBRqgBX7Z8FCZbUDZd8JsXbxhlYMXfoHbohu2voR+jkBgFIbsMaJq9sGyn2B8LOgAEOCtwLXAu9Pt+6WZFdG+FHQKzhcC1wCxecerEmD3Mc8PIIGTIF4O/r7q8otp5hN0gs0rge/WdvTSppkx0h0hX2uzA6gSG4FF20Ojf1ze07tkYdMkkQVYSTFZHTML8ui3Qed2PGIFGACz4P8QvM7iypyR3nH8tbzup671ntnaK+P29RgJKmgDcs8mZD4j6eJKLoUDB0/BPhf4nmARtM54AXMl0tvBX4u0YoIHk8LKph4MRzgoQBVcYNgkeAWmzLTU1V4gJxYqTmcWCJ9tsU1wimFpeqZbQftkvw/pveAdwKmGZ4MEnjtCHv4J/ArgxcBdkV4EXIUItcZBFmJzJZ8uuL+78VeBdcB64OPAu8JiCTgPs82AhTfedIDBs85hODsHViGFqh4C/BrwXUcwZdKjSWaVYAlLxwDbwGdL+rrQV4H/FOxHa6Mbw28CT62lbKoRdd32oZp6m3ILnURiBBCys2Suqwzej/Pd4G8IX+DCo2vRo7C20U34TlFOCLd0a/f5VoQVWDo09nTtWJoHPxb4pUazWYHE0//53HnhKpOuPdvngc8Fv5/Mt2K/DZgTfufCpvE7Np2+i4MTDCqWKor7yONvGj0BuMiKx7c9PcqKxwAvMpxguBzzu5qkd82PufbomyjD1pjHAI8U+jvBWwV/DXzb4q8SfxKx1TLYdwYeDrSB3iJxEdI/I35zqhwPtuTaVwEzzgkugeokIyuGpwBPnNvxfVbn19WVQQgESHJ4/UrIxa+z+BSd0D4rxPmlF48GngBcbfEG8M8BIJ0A/Db43pK+eoQ8HJiy/mHAIzEFG7VeMyIPruT/AR5s+AsiHhf95lGCRyP9FXAB8Mpmqa93LIz8+8BDIE8CXZtBrF9ayZWZREkCOHgq8AHg227HqOnvAazQEkBneJl0L/pnZ762UzhjQFAME8TJ6hYdkfWxMn8FlN4qLS+5H7zk07cqvBtWrufAzNGqLjkaU+YH9VLgbPCZhi+Kw8KIuKzU8WW19P5XIa6DxOh64CdTMdbaig5LLxaA9ouswEGo4AC8Mr324ITS7VRMphv+huCTSHS7jA+CPww8Zs+XNl+82PApk1XWzyEuA76ya/XkM7fMXlNlM13HfvANEp/AvBz4C7U0L7r81D971cceFHrWx+r64ff2AkPwkcz5F2AEvEzoicArpu8xfDjxlwKB/XGHPqX01w0vr+l/aiuVRVi544B1Vw+LS68CvyA4DWD56Dv8yuzKgY8AgZqa7SqhYM98/x3AYy3OV+oSKxFaY+Ve8JOBD1l8fXoeo6kQf8iZf466xSWdMUL8ALinIsYWkG3r0IOADyM+zk5+iaOmLDdY2q/0WxH/ZrhjLAw9Bv6mO814qBKUxI63/DtRM7KQWTgFON3iz5CRAqACQhJHWLGpNIyn/xvQCW3IkiyEngm8D/ge8LR9DxrjsdrRLNpww+hWBRdgsP8tBBkNLXOD+lzgbKTnAF8E+kDQyYOAsnBwCcN7yZXVjl0A1CAnciKh3ce9SLuPe5GIUHdbZ9mBcauGjIZUM5zudSlLTLfH8qH922D3QDNTFf7IdK6tBkbjcYN46/QQH7Fl7poq3DcSqbVJmx/cOKL0/ALgy6DXLJX27ju3Xpn8+btNZ+UGEyegsNUHYcW/TNdzt04W2Dt9jQTS9JVZDpQHfwO4Gji63x/MzM70gNBgR0ukiTSCpwMXAmOYemGwXYuaWbv0HwY8FrhI9iXGjVAxyImAIAmbfxz05q5fE4Tu95o8aAAUQc9r5g4wXrFN2+stABcDK6R+Q1sA00MobRkL04C/Db40pne/azrO40oO6E/m6/ptp6MurkL244ErlPk50j2VBuAg4EzGtd5SeA+tLEtElcJV0daIzcBDpfhdOoU5dd3HBw9gYBAR7tF/7jm3HAuA3cf8oZzUrJ5R5zYmmXnJVOja9XNHZ1FxWDaqezduFlAU/TXTUIBhW3p7pEJp+lUKS+HS9GsgUhpOhekgYi20WBMwy2ZSZqjR1KnwdvwTEtlOl3qXKQu+K2DQG9wf+BngvUpfI7sJeyylo5XDE4PbE48Z9OpEYC4ECMcTu/DGms7jQFRNbb9A9obpnHu7dWhNS6NzehlIdfP4H+aAOwLfY7Q6jOFQNfDgQI2MqBnxs8BPZTv5HeBSuvDiTqC00DRmewYdEy7qprIhq11d27Qhs1ECMZqsxK0eItSIqODUYd5C5kiZRLYPBY4DLkbea+gBE5yeNHZvtXVp23bKjwjZRfY1dCHBz7XN6N6jwbJRKZtP+MVW7SqgR1m8HgVrZncqDCsRZVjK4DbWiidKRJYgKc6nAl8nc6+ldwPIfppsIpPRjImRb30kIRWIorsAJwL/PtP0bpxv+ko7Dw73sHH7y5ipBecI6tgo6s0UHJreZHyqFJuduQXYAmxx1qOKysZS6ylHXn3LlRhNzYzXGD/u1qaxTGviYcAzgLe24ovTi9a08TJPddy7JnjYsGXHH7PppldPx/VaKPHV6fX3W15f0ZNO81T7UhIyCR6pTcBPA7D0/iP2CHCANNhDKQetmncADdJza1Oo/Sb64zHC0bkqP8PwoWh6GL1lOtJvYTOc67UJmxGnA7ui+krZYFIO9r/pyxx40xcoBRpB6TKk25KHH+LpodMFZH5++n4tc3e0ZnlDn+W/+Bzj2RkmgxlSvZSVjcs0FTJvMvxPrMdjvowou67/ZFVv9v6YHiXe6QRl5s3nNRGm3nrCpYhGmuu3+tMXktv+8NHA71gQNb/t0EXAkx1xJ5urm0kbm1Yn+YNbjX2nsYm0ZcqCmybthHZqs1fd6dTCzpccumPn1hccybIWGCD+1m4PUmnXmDa9okheP32bHPnhLckEXfb7s6l4gQxEubuc9zA8f/PMNa9eWT5Oo9J3Epumwr5r7fbcOmDL9pceGq4OgdlDs+2RGQu2nnjDXPmt792hfuDUHS2wBXEvw0TmJBdtA35F5rcn4lP9IzYK/D6KLyIfk3A6EEhnkHxJKGLs2s70JWgtH0v6HMR9AUpbP5Il/k14G6W8enalPSh0lPECcP3MAfbf+NQ5Ft839P4tM4f2sPcNh5GiDdvOui3O3RalDRJ3oGP89jVOZwPtK/8VgANvvOxmNzWSstf04cTjPjH+zjVXAY9z8IJJ0d7BJLH0VOB9anPsDuo6Unn0XxwxgJnU8GS15rY/eqxgdbKh/6/9/eO7O+Jk8GJ3kZ8U5nlADEY1F/aMWLqtAeUOR5iuw53dYnjjf7UMQbf2YUb8uuWDMr014yoIi6Ecx0bm11kLB/5raoCbwCcBT8ZcNYj+aaMcr6xOjmFYBkX4SAU5xLcyubn+52yfYLJ2qUUaUDDh6JUGuhBlEfM8dQauNVyBeC7JN5t0z2Jy6CTE97EvAE4B/ojKK9VLjEKtk1iBnCuG1opnCC5nhes0xz2zlFPAI2CDXR8R5m2dz+v2sLouWfe3e1F/7jaT6/8fmpqmaRh7KPyhuS1bDQSTicejUTO++hqD3gzMy5zX7/C244EzhP5ahjC3sLpd7mj/kNld46M6ZCoQfrrRRRt278TmOMQ96HDOnTJPcpR1jmh3bpzpUqTb2qTZP/1zCwqknnFl/VG3XNqtUtq6XmaH4XrBdsF2i+tk7bK1pvH/pUYiki5J/EHgpwDvNJw6yvGzo5hhzjQdc4Tw3uldm9ZuH/X67D36+YeGm9WEYlOcFOc6ukR35zeOK/XiO13L9P11DEePaE8+/tdr8gjgD2S+aYiIwzkG3cTvyIiz6fj7exTuXBMsq/ag7c3LqM3qvvAjLb2umakbbLYi7glcB6TM07qz1U5gCGxUGSxGfwEhLW4780fh+Y9Ca8biBwAWWztdt4ZR2PT0+9zqTY0junyx2/UloNcA22TeZvRY4JvGVyEKjSvtoZi3AnN2nUm3y7q5sTqUONg5mbqkEyTetVzWJfAJt+0nFMEUoH4prv8L8zagREu7Zdvp7Hrjlw6PaLLbj79N0U3APavrJlH3oNBM7vaNx7+MQU5Yt36e0biysrwSPiyGU6CGHqlhhMPqbLhMYKrwWvDewYO3kGHhLonzoWtmZSjmSW1wN+CPs5Zv4vwAMINoMZ+fGtQzIS7smJ44gpuOfjFFbQdYQKhzn6d1hRj/23H7xuz4my9rwwVnGSiem0V79meH4alLIrc6vUO39BTHReYVwG8AHwLeV/u9M3qTdrULeRyIVr14AuagMv+1dkNc6ra9dHoufeCRRLmfa36a4GvAGUneCftydcWgumHbmdQm6C23IFH7Efyw8q8p120ZhbXPPw88UfYZwHsARZqaZt0z/wcadimGQwpQRGnYv36QxZQwNwCXAPfKiJ+jw2PfemgGBUq782rMA5KiH4e8yiGax0aeunjzB8BHsJexGkMQ0WQJUoeQjqdtWl3hF751ZTuZFSuld7MBN+24rwkKRcuYtwLzofifKBDur/Y2qhmvqrat9u09EKtLywWRe/sLOY05E+jLHmjqMI7a/nIftf3lnoK0HApIYF6a6nR3c/e5RKkV2UGXsE4AWuUY+9eBg5DvMbqbpWGPGksx+8/A1aBHIx+DaJW1l4kaVXU+0gVPsmYL4gkAKV1sg6y1+a1aKQdXVIocqK7b3cuZaw/zyT5kQUZTkfgw8Dzgp3vj9qJWQRtBb9LWMjGY37W4eApj9abn0nMIi4umY/xOp+N6M4Cc508hllJQhKX+xKozjbJR0ymgW25O89MteC0+8JGhX9AQIpry98Ae4DejX2YVMQncKKRm3CpCQioZYUPG3qN6MExaidop88XTRf4toFb6YI0EyMhCzdbTMKEHpHFXhrhZaKI5MBkxytCdgAca3tx9RPZEMmja0rqUynfocN977p2b/cVP/eSdiXRZ290aXXfcxzrrm5DWK4GrgIvsclesEdiZ1c7qqaBWw90XJ6sb8zAu3VjMTqtph0PEDqtdc0AtMFuyUrIlsh3QubX5IAlaRC5MhXcq7dG39H3DI4Ge5L+r0Z+pUXIhV1usC+hw6P/tyQTQRE6nOwIq0WREeTZwf+BV69vmK0ffeNe44IP3WeN1L2Zm+1IYFfa+6fNc+3efpZ09EhufQmeiN31tkP4EeD9wfpP57KZmTno9t704FzjJ6F1T7WhLkDTRHrjwCo79VvtJ4GvArwmfQlvfDnwM9BzSD8QeTyEvRycA7ninkyUdv8ba7rfmpiZgDeVj6vQSIIgFSeSk7jPaBmzOcX2TOxSgpUt1LNuImnIjuFfwkk8zP64Qke3iAvtPOflTwBV0eOV7m3QtNZrBgZ5tE65WJ1gbgLC9YGcnwumNUyYu0sE6yH4VcF1t4svD+Z5KzayZlBxj0f2gd3RqqBc1k0pv3OYt/eBCOwNgh0JiJR0PBC4P1a8gLpA5ATMLzGLuDPrLsN9bpFYUgBPoEP6+pl7hMCXqftbTJWLrrUOV0YXpIWzsTZKpzK+Zu+P7dcLiaHUCbkR+hK7S9VNNjj7siftuEPInjM4Dfl5N8wXgAUibsAfAAuYeWG8DvRbx6tXR3j8c7HwZev2z85KP1gY4Ftjotg5I39xOHCkksDB9e8z0fThzrex7PfBaicdMb3gt5jOCnZbKwnBsZTI3WvaGC36yufGuDUZ/A5CK56kEVjwC+JBDH5X4Y9CdMHPAjKSTEM+181+MN9nG9uZOHDp5QMK55s0EcNL084GrO2XD7wGeCDwW6eNI50xlbYC9EencXuWLNr/RADAjDuw86PU1y/qDS1Xwp8CjEl1CGEEdL1RkU9fPe+knBqz/5sqngZ2YlSNAh13AvwJfE0GQMxUl8NJea3q1jT1v/vXKSz/C+ptWCDs7IfJnspR3ghbbXu84YHupXotRp/pgHEKQFgXp+y0b791j32/ZfrjhYU2/txtTjdcDN2H/ZjUH1y8OWFoaXgp8XzktJhxZTT481bLEh4Erl3b8gMHRJ4F0UOhDwLfmTjmH0bVfQNLI8FHDVyRRio2jthlg/rhp6ibB3QgeoPRHhBrkD2T0To46eRr4OYhhidhve5ZuvdeDTg/XLx91/Fn879Nbvfy0q33DwpjesL4b6OVk8kP4TgJC04zZ3wYuo6tegtTKNJjdhM/HeiHoHIKvKP0d4K9iqsT9idl+hzk23pgIZRem599buh8oUjEP3u9xPlT9OA94jOHCSu6tYuTKOmDJ6Mnt8q5v9Oe3gH0D8FngijUkpePzofDso8AO8GTqB5N0YF1M0aexn4H9UpsDVd5nxRz2DPC3JScXHeLDzJN/lqLAoBKN0y3F6kJ7MCUID9g8dzfW9U/gqj0fwp6yjs6uHykMyyxxdFnQgWr3gAyU4BmLvX/9JXjJ/dhw/Upn3DIZNaICd2l6zBHctzfHq//yYxxJu45+PjqcWkfPka0qYZHEOjWxyabNWm4IDyuCRNrJOm9tDhA22QZMi8Ebb3pFN+7xL2AtuG2okPAnNzyGpx/7Lhwwz9oBCy0YV2hbaBGbVnahPX/NrmP+CIyUWH0TIYa7i9ZvGrvkhIOeKUSpdqWpwaQpWyJYJHM0Oji4sT+3lKFAZGT0faAZ+/LJtZz3ot3MfW0PRtzxhC/x7febOO1Xybd/GICTtt2b3V16rFzLJ6MH2VJlZmuACCuzWlRX5mdnyupwXBszDZ/sxmLvW77E4gVno9pC56U8ic5vHxPBXoUYVmIQtoX6Mas2j7JEW7SjGdchwMabdnDT1qMO4QBhMYrOZszWHpMpErYWuDXqY7oaMz2hURakiuDEK3fzg7tu2Sozm8F+RrlHDSjrYYhgZnaO4eoqq8PVNdUIAmmazhy88Aughu+85k189TMvoGuBcCSmknR5nEk7DGK4E0seZxVIy5p4tX8j5HTFL/n0NGwQWQqGmDi1B7ge84G6yi1py45X4XGHZkuRlRSoCAXyAezvga+DtoJLh+7hux33QSSEkLs8Ff9Qgs4aQyVJrzrjT2gV1LWoTQgl0Ycoa9chKHj2UVOFSFMsQZRAZZCeKabSo48r00RvphYEu2Rfg7291xsldgFiJeZy6OK9MeK8G94Fq4mnId/+/ZvYcPZ9WJzbxU+9+FE86PV/yLUr+2CtCwEr7aiY1bLMbBSNekvkpE1QGMdwsortmlI4IlzkLEF1sP4pZ6CaTCMmOyRDjFw1VKFBjtkiurCpYFbpWk+vtRnShVzNnhNP7CrKhrQjQQu1z6xFRKULfk26q+VnEZIlHJrUoBeJOl5956ePBvtGujbWPe7yj8aHZb+jzdPKSAf8B20pXSID7HvDZWzYdm/28R+Yls2czW2VAY0p02Q8uTkSsfuNnztivrNv9f5bu/aWtH/z85kZVdyIg/0gVESJzitlQoSXmwm9tgdtnx7LdF7iMB68eeeru3mOet4Ra+8qjpvLv7E/z8aItQhmRksMvRYCd7+X6ADQTSqsW91DjcJyf5G1DqFWnUWfcdLUikMMS0EqUggyyYSmabxh6UZWe/PctHgCP/PwvycL1IC55S7WnmQbRD/DI0wTwuk0Ec10PV2vEFV40qOdXaXUXndOTaLsvHY7CAZf/w9W7nEaMe2Ui50m+snsNcusnmKseTxqKYt9BiqsuNXeCz/njU87Gzsp6lHXUnyIUNTMtisYTUakYaE/S0hUqmJlbOsUVuffy8Lk/ozLMrNZGJYqtVYW5RrmQwSlB7mCak/09s96Mn+ArpiqLoR0+/8A42+n/3Y66lceRHv8PgiUgSmDJnLopHQBge1J02Pp9Z8FYP1Tfh61PZBVZ1bm+pP55VSLmxZslu5+HIMb9lFqPzzc35diiGHxqesZvvwmPB6LDYQms1UB4xmmDlheHn6P+dk73J3Mpon+lW22Q0kytlSOcU5OELpxUtvr09bqCt68od/hMgeHTT362raN3Szu+BWGg71YUha7jJIa2ig4HlyIGJXZuDoPZLu0bivzSzv7VtvD7nfakspsV28X3h9z2vwb9yM3jgJIK8+EONPKYuuTcl4ORO3P5NLruvr/xm1n0XOhccRyjJ+T8luQ9gsUWYyzgCtwruUB1j8gyhTrTqQznHlaBG8GIqeAvfG6yPIHEt/D6hl+BsVzwrmU5HmS7g18wdZD6Zq8PoxUNF5OCLs38/u23yd8jZFKBEKupc7Q8jQUm7CvgFyV4lTbPwO6BPwRrPsiP1fSJ7sEl03Ae5r/lhO5nX5kajeuypCgRcHv4foMFMcLHoe43JhSx6x7xr0B8MRUmR15da73iecG+gHpdwNRS9bxYr8uXnuAybr+0zGXHgIAwh1S6/hVxNnF/E1aqyE1Ni14G1DluGgSLSXjl2rxMGseH9aTMvPxobID+z+taZuRwc28gZNMPkZiZzqukSi1Ke2B113G+m1nvBE44LnF3ysrB1pbU8xdD+ygMwEMDAtNT2/s5Wi4UufmWuXkR2lAuZ3+m2jwlHsQCooKRTELrHfDQdvHAF/vWimLNOwR++eI1QFGap2sjztuAJaxzx87Z6qzRs1mZu+I8WL/IcDxgsXpVEEbSRt3ln0AuGFiHpJdtq5p3nMyaDmz0u/NQvpjpXUb1gnAfCwsHuiyWP6PrMtJC9nq2ncfIPh7w4NyOZpmUGtMJmy44MxHYH5yqPgDVg62tgtSkKvC+XEv69Lp+gzsoY3V1TprqMuiHd8uvD/GtNjbgMJO1abS7gD9u2pcrNBMW/wu95LIUl0q9Fsc2WXtSqQ8BekjwHKfeGxRoUla8CZJ9wJdbPgJTStFllHxL2P/A/AupIePNCaVUwyLS8FPUNFzPZ5sXUt9bV0BLHtl+e8gz+K+p4kQilDXe6yTCI4pA70M6Dfzef92WNzhDX4g8PkZ50hks2Ewrk1pUs0C6vVgo9bqyAbmW/tuRncB/7Sz7d8uvD/mlI6QSuvQKch7wHeUKU3GiFrIpv4avXoH91toqtzBT9g+zvZ2SX+OeHym1rchkB6N/DnI/wA2tznEaDKtym1ZmBt8V+mrwcf1c3CvcKnKiH7tfQDxfFu/kM5/dGHbaj9CwbLFb4OusfUGf+ar7zQ+maKcVt0fIPjGuKtif83i19SHaTiwUbAbAOOlUZ+adQon5IlqffK0olmBBfBDpHw46NygN3u78P4Y0yRHstt01mMjeXEV7wI/y/aLje8qdAfMz7vqelcdxtABxJbuQWd/CbQ7Is93v84Dpyr9CaEWWOiVubnuCT7/MvblS7UeLcrdZG1HPs9OqiqtJ6Hk/UedfOqDQX+Jeeb8OH8JQzNbrmXcPjO68vGi7Fe4VrKNdZiTs/DlRjonUrvBpzLx3aerXDJsnj7bKO9ZJDMjM8nMpzn9hGkxfADsmoz6r5m08Sdt8qdbjrlu/+3C++NNMbVQ5wPbi7m+RLkMeJPsv1T6ccavkdxKDql2LZ4AZquCfeoaFN8EnKdxeYnhH7vGJPYDcy3M9rOGpXu0UT7JJLbj/KDwnwH/Q9E7NtRkLc7jr4Od/3mFcF4CfBJ8JzCrKwkl+un8jqUXAMeaIHp+oKVrouqm0WDyuVa+UPAto0d2NUt9FjhrpbiXom03LRUd7u3VFBU5RNkfleWdH2Tlk1dw085jfqQnBm6n/36aAPfS3KDfGmpv9mKgBz6HjL3decs1C0HNabPWiTa7LMFwcimwH3yHQvsv3eNt3gXMN1EXRlF+WXhHce6HSbPKrCZNc7lgu7N9lFVRlMdce0ctqj+oVXWODq76qBQ/3Q9+IUoZC5B9H+CztWu3eAD2J9JJf7VE6Soa7wH/IpPYND6qfTuwfTb1F9GUGaFaSkymce4MMDNtBRAwOMqn103HPYzZB9yjh2pzO1T2403TpnjeITiN5fEbQ/q82uE8iudjP1nFz9PSgReWr3/L7X3OEtFYUt+tJ5g9tol+D7ovKsFucK8SbVkCvkP6WPBZoA9Og44clJWgUkHvlzg/l5sLNVdPjsqfIi4r9O4G/gdZVwFnY7ZZvnu3VE4cNbxw0OosYH+I71uErFoMQfncmHY7TT5ssKt5O8VPcvJMJvU1SN+o9kEpZhEDm091DwB4GTTeH1/6XZLaR0c55z98e5Hix5g2bDuDrvPV3v+dL7Lh5DPvbGlgT64JytLs+oVmvLyyvs1mn3C1xNDCSAulne8pV5yZw+EKlTGljqiaZ2V2DvcKm2ssuNbWyeygv2GfGnnSjshcRUCqNprEpmrvra6TpvRPBRbs3C5zk9KR4VQ0G0F3wLm6b3NeuWFPGOe6olIhlwGaOkPmBAnapq6zKQfL7L55Rta4xU1vi2ArWM66FKV3Q62j4ZYtGzlw4GAPNJ/JDNO2C7vZd7vl/fEnA5o/8V4GrjzcVUGpbbZ4mq1PL+06MzBmae0rTTbfZRs7r3oDxhxz3Ll898CnYGYWltu151yHTekzGi91nYJr33JUaIEdAG27RFM2XdV5fiERpTqze9Bqr7rvWWBuX9fSAxxYe3YCyRO1XQN61xBzAODYdjcHyoKwBewC7zrcbePuG6DaNDCx2Xczjhj+L1iAQv2QQpSjAAAAAElFTkSuQmCC,No matching page found for 'about',"```json
{
  ""address"": ""68 Commercial Rd, Newstead, QLD 4006"",
  ""contact_number"": ""0408 828 838"",
  ""name"": ""Vita Chiropractic & Massage"",
  ""about"": ""Vita Chiropractic & Massage offers chiropractic and therapeutic, deep tissue massage in the Fortitude Valley / New Farm / Newstead area. They specialize in treating pain and offer a personalized service for every client. They offer a range of services including chiropractic, remedial massage, deep tissue massage, pre-natal/pregnancy massage, trigger point therapy, and myofascial cupping.""
}
```",,"```json
{
  ""address"": ""68 Commercial Rd (corner of Masters St and Commercial Rd), Newstead, Brisbane (less than 200 meters from Gasworx)"",
  ""contact_number"": ""0408 828 838"",
  ""name"": ""Vita Chiropractic & Massage"",
  ""about"": ""n/a""
}
```"
https://e1poolcertifier.com/,"Pool Certifier Sydney | Pool Inspections and Certification | E1 Pool Certifier
0414 446 780
Book Online
Certify Your Pool
Pool Certification Pricing
Online Booking
FAQs
Contact
Pool Safety Inspection
E1 Pool Certifier
Book Now
Pool Certifier Sydney
Offering pool and spa certifications; servicing Sutherland Shire and Sydney Metro areas
Call now for a free quote:
0414 446 780
Get your Pool Certified – E1 Pool Certifier is a NSW accredited pool inspector
We inspect swimming pool and spa barriers for safety and compliance with the applicable Acts, Regulations and Australian Standards.
Professional Pool Certificates and Safety are our priority. We provide a friendly and helpful service to guide you thru the process, complete with reports of how to be compliant and safe and within the requirements of NSW laws.
New legislation requires your Pool or Spa must be certified and registered on the NSW Pool Registry by April 2016, If you wish to Sell or Lease your property. Ensure your pool has a Compliance Certificate and is legally registered.If its not, it can delay your sale or tenant occupation of your property.
Got questions?
At E1 Pool Certifier, we have got the answers, view our
Frequently Asked Questions
,
or call
0414 446 780
.
Fast Pool Safety Certification
Book Online Now
Pool Inspection checklist
Pool Checklist
Our Services
Online Pool Certifier
Booking form
Complete our certification form for our online Pool Certifier Booking.
Read More
Pool & Spa
We Certify
Our services are suited for agents and pool or spa owners.
Read More
About this
Certification
NSW Swimming Pool Regulations and Laws have changed. Swimming pool and spa owners are required to register their swimming pools at
swimmingpoolregister.nsw. gov.au.
Read More
Compliance
Certification Pricing
We provide Pool Owners advice about swimming pool and spas and can then advise on issue remediation to legal standards.
Read More
Get in Touch
Call
0414 446 780
or
complete the form below
and we will get back to you as soon as possible.
Name
*
Email
*
Phone
*
How can we help?
*
*
required fields
About Us
Lee Steege is a certified Pool & Spa assessor and has got 25 years experience in the building industry. He lives and works in Sydney and has an excellent working knowledge of building requirements of local councils and regulatory authorities.
Contact
0414 446 780
info@e1poolcertifier.com
27/58 Box Rd
Taren Point 2229 NSW
Book Online
Important Links
Read legislation here
Requirements for fully compliant pools and spas
Pool Safety Booklet
Download Royal Life Saving NSW Leasing Fact Sheet
Download Royal Life Saving NSW Selling Fact Sheet
© 2024 E1 Pool Certifier | ABN 42 087 929 358 | All Prices in AUD |
Articles
Terms & Conditions","About Pool & Spa Certifications, E1 Pool Certifier, Sutherland shire
0414 446 780
Book Online
Certify Your Pool
Pool Certification Pricing
Online Booking
FAQs
Contact
About the Certification
Home
About the Certification
About the Certification
NSW is determined to stop accidental drowning with new laws and responsibilities.
NSW Swimming Pool Regulations and Laws now require pool certification. Swimming pool and spa owners are required to register their swimming pools on an online register, now available at
swimmingpoolregister.nsw.gov.au
.
Registration requires pool and spa owners guarantee their pool or spa meets the new regulations. Failure to register or false declarations attract financial and legal consequences. Engaging an accredited certifier ensures you meet your obligation (see the Building Professional Act 2005).
Buying, selling, renting or leasing, your pool is not registered if its not on the list. All sales must include valid swimming pool compliance certification.
Be Pool & Spa Compliant Today
Safe, professional, experienced, licenced and insured.
We provide pool safety assessment, advice & certification.
Get full Assessment by qualified & licensed NSW accredited certifiers by April 2016 and beyond
Onsite consultation & full reporting
Re-inspection & final report
Compliance Certification
Regular inspections & expiry reminders
Electronic Lodgement with the Pool Safety Register
Legal compliance
General inspection of total Pool space
Remediation recommendations and advice
Pre purchase or sale inspection & reporting
Ring us on
0414 446 780
to find out more, or
book online
now.
Get in Touch
Call
0414 446 780
or
complete the form below
and we will get back to you as soon as possible.
Name
*
Email
*
Phone
*
How can we help?
*
*
required fields
About Us
Lee Steege is a certified Pool & Spa assessor and has got 25 years experience in the building industry. He lives and works in Sydney and has an excellent working knowledge of building requirements of local councils and regulatory authorities.
Contact
0414 446 780
info@e1poolcertifier.com
27/58 Box Rd
Taren Point 2229 NSW
Book Online
Important Links
Read legislation here
Requirements for fully compliant pools and spas
Pool Safety Booklet
Download Royal Life Saving NSW Leasing Fact Sheet
Download Royal Life Saving NSW Selling Fact Sheet
© 2024 E1 Pool Certifier | ABN 42 087 929 358 | All Prices in AUD |
Articles
Terms & Conditions","Contact, E1 Pool Certifier, Sutherland shire | Pool Inspections and Certification | E1 Pool Certifier
0414 446 780
Book Online
Certify Your Pool
Pool Certification Pricing
Online Booking
FAQs
Contact
Contact Us
Home
Contact Us
Contact Us
Phone:
0414 446 780
Email:
info@e1poolcertifier.com
Address:
27/58 Box Rd
Taren Point 2229 NSW
Make an Enquiry
Please fill out the form below and we will get back to you as soon as possible.
Name
*
Email
*
Phone
*
How can we help?
*
*
required fields
About Us
Lee Steege is a certified Pool & Spa assessor and has got 25 years experience in the building industry. He lives and works in Sydney and has an excellent working knowledge of building requirements of local councils and regulatory authorities.
Contact
0414 446 780
info@e1poolcertifier.com
27/58 Box Rd
Taren Point 2229 NSW
Book Online
Important Links
Read legislation here
Requirements for fully compliant pools and spas
Pool Safety Booklet
Download Royal Life Saving NSW Leasing Fact Sheet
Download Royal Life Saving NSW Selling Fact Sheet
© 2024 E1 Pool Certifier | ABN 42 087 929 358 | All Prices in AUD |
Articles
Terms & Conditions",iVBORw0KGgoAAAANSUhEUgAAANgAAADlCAMAAAAGGsmsAAABZVBMVEUAAAAGMVoGMVoGMVoGMVoGMVr5oBsGMVoGMVoGMVr5oBsGMVoGMVr5oBv5oBsGMVoGMVr5oBv5oBv5oBv5oBv5oBv5oBv5oBv5oBsGMVoGMVoGMVoGMVrtHCT5oBsGMVoGMVr5oBsGMVoGMVoGMVr5oBsGMVrtHCQGMVrtHCTtHCTtHCTtHCTtHCTtHCTtHCQGMVrtHCTtHCTtHCTtHCTtHCTtHCQGMVoGMVoGMVoGMVoGMVoGMVoGMVoGMVqtGSSIHCy2Fx9zIDS6FBu8FRthIjo7KUfLGiO1FR2lFyKlGSSWGihFK0vkGyPHFh3LGSJLK0pZKUYGMVr5oBvtHCS8FBoSL1aaGSbGFhzqHCOxFh7OFx3AFRs/KEbmGyJ4HzLgGiHXGB+WJDjCIC4xLVAoLE5LJkPfHSfbGSCPGyo0KkqDHS6lGCJdKUZWJD5sITbQHysdLVKIJTxhIzqzITK0Fh/RGB6aTJCeAAAAUnRSTlMAKYC/QA9A7yCfv6/fgO/PMCAQYDCfz99wj1BwYECPHgmvJJQUUBgQX8+A7yDfr1DKj2AwcL+feWxE5DZR8tevZtZR8uRANsy5mIN5r3Hyp58swHc/LQAAGkdJREFUeJztXed/GzfSJpdccdnEpsIWNatatiTLsuVup+dyd2+hJdlyEreLndhJLuVy9/e/iz6ouyRBSXl/mQ+2SO4CeHYGzwywwCCTmbw0p6A0zqDGyUpzqlVdLs0/1mW+tFxtTzXPu4EjSKO1UJo2IJJlurTQmjnvpqaXmfZyMiaAbrn6BwDXbA0FSoBrXeSe12jPjQCKyVz7YmJrjoWKYbtwfLK2bG5qqVStrk1NSdfGjF+tlkrmG5bXzgmBSZptA6XPL1cTPFZjqrpsurF6QdTWmNXoYm5hLW3jmmtV3YRnL0Bva8yqD3w2NSgmzbVZVXPnDU2FNb8wqkuaWZi/ONAUWNMjoyIyszB9IaA1q1IzSi3jVWG+GwTFXCyFwWBQQH+Ug6CbD41XK+R6LjTSgo932vB0w3wMaGCXXDEwwGtIaps2P60Jygx0QzpBR/1izYFJSKXYj5R7ZedROts4ElrhvPpUu51KKlAcXKerlNCC0KpnBSpWF/A8qrH0iwW14Q/2cpdiOdzc3DxEf+T2Hmjgyn3ZKiG0+bNSGlDXtGyEeRnV/b0Yzd2sSe7GGPfuw4sLRUlvzer0GSutAdQlUUbYgxb4oHjrtsCxuLi+uroaLiGJ/1hdXFxBX9++VYTKqwRQbU3gTOYmz/xr4kHOwdg2KgJNlW8xPa0sxnDMJcUQF6NYd7fKd8StxTq4Yko8w4nT4wKwQvB1XvD6neI9CipaNzsrSWJ02ey9osCWy4Nf2+IxLviGAqUpSL4EjEPAul/eZJpKAYpJuL6SvVe+b4LWEDXOTc5bzwiqaotv6xzWg0NigStpVCXLUozt8IEJmlDa9KTYUXSvOVFFyPsWU9YwuoISY9ss874m3LZwLhPqaC1BhsIoAsbv5dtUWeNUsbpym0ErBOJr0bHb9ntHlgXDc8vXFFir49YSLnJoFWGPIi6dHbcCTbhTEXFA2KFN+ObHzzCsEW1QlqX//fEtLbfDCxS92zcyjktwU5364zfvjo8f+dAWld2XT9+9V5Um+Ngvslm92IDUffLzcSwPs75gZTLXjo6+//rFCSle9DRDE8YXXih3yiHl+G+eIVzH/+Wxsq2jo6PTV8++IRXUOD22/SPjuDht5AkZnvyAYX398mjXW2UbR1ieP/2BKK3AzbHlG5mOqyep66vTo6ObnurKZD44ovLq31RpPfaTZ2QLGi7qk39m6orlqpeqkFxGxR1sYaX9TJRWZL/xEMEHspaKi3avX59gXE9PyfO97qEqLDdQaRsbW1hpT96QjsZ4f4YhG99Tr2m4iFN+T8zwFTOca2PXRAUVtpPJXNlGf7yk5sgpRGvOqMIfESuIeq9/AjM88mmLuIvtx39cpxzyT0Ihdfo7M6AxI+LmvIqL0OELYobPj4R4skXcxa7Ef+ySYk+/emFBNtYohvl75r8ILsryrHsRuTxOPUJQF9tCf+xwdnxyIiFj/mxujFoYITISoriecJYHsjUOHCGYEzPcnSH5XkE2q7RqeFlTno2M60iRK2NCwnKdlbR/ZEfG7GhUAmlQ4pin1hxWXLjwcx5bDhgP7cCiX1JklBubdOg5PeLcFbud8g/heSsuP7aI8CDPcUUu+zlBxvwZ4+rRullVUXjOjSv2qh6AIe+F+PVAKZvqrEYvY9Q4ykzqjNJFi0m4sPdxSB5JQqXXmSVuqYXTfsaiK0ZrU47CLEINkQ0sSdz7gwMXihcMEqG3SXCOuILeH6mvWKgcmC2RIJMi4jm5/6cXZoi0g+WhXz7VqzXbYtQr2168FMq9ul4r6mJoBHTZUPor4qmp0lk3G9YYmSHSYDMsgDjKhkuxxXri26RKR8V29ehom/6vy1f/gtTYlp98WqGuokQ/YuJ4T3A9N1Wq2mIUpHtHVgmgUSILRCO768biT59+AwlEaWI6acmOIkAF/kri+e+tuMjDRpIvS43PBUHMG4iqw/j/IJC63KAsGGWfWuI1c/nP/41HMXQehLnZYdx0UzbgOm6AixCpkAkC8IZikDO9Z8bvp+FFDNrNuAz0v9ESjzjp08vbw0fDVcn/kYjjZzdxYLkpwSoU+66ZxrArXhNSaFeJOe9aKyAEUqHFUmZM/x6mITsJPC/6TVIHQ7KdibgR5pyoqPT5UyhHpIshYDftNZBu1iF3M4ZLHVnNSq4ZM/2JMmC2yP8wHRQtjkoT/sKwEBBN3djA4YdFnv8bGqPc0ERpyMyBQ0Q6AnPD+oVOKw2CtLCQhOzFRu0hLmVr31XHqx+wMZJbGRekpPxZiTkCbogfP/q7FulAeX0ypLaYMK2dvHY/OCzEGCkzVoehfKYwQjbYNWND/OSj1djDXLMx1nc/0eeeFA+ahL08/Om7RGDPn6HnR900m7pIFTLOSu6hyBjxw8+oIq7fNPWB774lPaVnL9gpPWKP3/6SiIwwI42GqcNdTlEDVdg8+YRd2BtkiI+yS/yaXQ3bP4gZ1uoj4ortkUzrnfwjCdjp1+8Bf8ynJkZZYdhE3mHm+OQamKDf2JeGuBRXh/1cMkqCwyGv205+T0L2/TvsTshNrbTESIlmmnzKCxd2HLuw7ZsSNk4lhDYKff7bY6PAPn75BhUwbdcl5phIIU/f6ipLDD/aEiVihf0oxVI7+2J0coUML16T7lUXpSQC468ejj4AldfTIXv5o66yxOHLPKRErLDyR19+8TFWGJOdAzojRWbYiR3WIMknAdsQfRQCY/PnbmvcOvi0LFRGTWw+ARedcaO9ASsMvzf/6Mudq3LhyIRuAFxSAJUA7ArwhxIwNmNkZ5Cd/fihLt0GKqOzBAnr9ZchyURYYWT1BmrO/k0I7uo1HNN9Z8CVAGwXcqoMjCEzsv427waLQGWUxt2M35RaUOQKy7LlG1f2r8nRB/FfCi4nsN0bUgEKMIrsW81TS8RFVFY0KMMilDoI14dAYUvgoo1dAA7HGwU1iLIC0yMXFRidhvhJuujqNeVd8ApWGamWdh/nKzMywqFcjyemyDqiRfXCjQ8u4wf/WuXDBGD6LI0GjHLjbwCV/iYnvAciRkJ4rtlTaq6UOtD48gFRmHlo9cHlz3EH62u/jAUs0wUEsnVgfiewsjfgQf5Coi1SSySjAMz1h2Qpke2GnBRvGIHJ8WkqYGRE8W08NrOgimX9EF1DVtvOJNoisUTqEhB13L8rUYcq2Fhrhh/GBEbGgH9zzZkvZe8L+kiyRdkSC2bqABIVTMThA5i9ZC4rmLNJH6km2GILWmJXUIfNEnHRxnHKuMCILZRdwNbvie6dZIvLqiXeybosMW8zRA/ASO91jVmXsncEdmKLVh9Noi46AkDGUHRaoqNuK7D97e0bMSUkA6uDoMks0BYJL05brqQKJUEXtsR7LkvMA+efGhiVZGDEznVHIoTYIuHFNUddnOxJYI9GffedlpgTvl8TD8BwAGI2dCLEFouwQsvYZRmSZkVwotk7uxQGgc2JEbSYJUsBjDgzVy/LFoWPJm8oLLNV04DscWB/iwf2Bik7FGaJPITy0gDDKnP1ssVbogmU8I3XNWAX66N7iHc2Nz5yKcwLMNLLHL5s9a5wN1OkBuPMaQt2saKIE81dLHDW6gVYZInXmCxl9/jDpeMt4yslQpnUi9UE2Zu7WMVpJ16AYWuv2H/OZC+JC+ZAP1KE9D/i5MKkLlZ3k7EfYH3B50aJbglPRmYNjexBuIMwZl6Mnc3AkDco2N8T+QFGggT7z+t3BXFSX2W4qgkrD4QX08aYWCruKj0BK7ptcRV7MjLapOxhiIOlX1CJew7uiBLCAk/AcPhTt/5M2IOEi021Ci4tqEsUVVwiwIw7BXrCuCcJLGMdPhDB7EGjE9KTDAF+FfY+MXg2R8DlBN9pRAMkLbCce/CSxexB/i4BipBkGQALxVjMDKwygLszdPEFDPX1gv3naFN4U9h+SSDivIg7jKQYJYVxvoDl3cHHYlY0pGoDNg+A4U6btQPLJ3Qxb8Aybk9GgBESI3xvGJKRZpBIMRABlXEwFiSEBP6A1Zw2v4ppUeJ7W1uEG9tzuLFi0ujWG7Cykz3SAJP8AG64A1gugTv8AQucj3A1K+iZDk60+F4CDNyYEVgSKfoD1nPSYogdWQ7WqVU3FLAkUvQHLC8clUGW/gR24YDVndHiUvZQmGoaYAURUZmAJboxf8Dcz3Apuyk0mgYYiKiswJzNAcDaIMknX7MwCWBkDK1FwRMDBoU/zkkAs0TBf0hgoa4xNzCffWySwFaH7WM+WXE8YJGTFVcxK44GzBjdnx0wt9WvjuHHLjSwRd/AhokVxwPmjhXTAGvA70F0b5waGCa6Hw+YO7pf0aN7PR6A34PxmHGGe5jx2HjA3OOx7CgDTTqCNk6/JY6gq2bh05mXhbj3rDpH0EupgNnmPEZzZL7EOecRZtPMedhmqUxzRImzVL7EPUu1mk0zS2WbVzTSYiGJPTxJkECKaeYVbTPBRlpMmgn2Je6Z4JVUM8HSexjoyEzsgefuLTvD8gGSvJdfUTX2uftsqrl729sW4+sWslVuUClLGUjrvTJMHFkp9xy/FuRfI+3XetLblpg7hEbtb1ts78fMU6ZiM2Ih18GPuZPTcnyO/Ssie7tbWc+mej9mfaNpZI+OoSGTEfvrxSib6o2m9R20MfaoO5pSyeVy9j21w/5qn7nPZsFCD8c7aGnVAH4V63DR+IJKoCYDBntN5f2lI/9qt8Qwm3LVQIsoU1vnYX8vET+suAmdHJFOoLls968Z6VfVLsIuXsBiX+exngVvamlEaFznIS1+AytzzLboXpnjRTrC0EyyQuKO5JU5EnvAtVTm9+t4LdUk48WEtVQh7WJ1/Mm1lsq6+s1si5g4JxlWYWO3B6SxJaZd/aatV6QrZy2rjlD3dq9HHkuwwhxjo5Vs6vWKthWmFlvMEyoLunX1l3oXu92eTgj5Pv6lqykiIsEUSPSBe5h9KUlsialXmMprggeA8M3LjgRfg8gq7MPQqNIREOqScwABFdybjxLF47biTu5YYLpILFFaE2zpYsoq7jK0ReMqljz0QigFRBDkDFnuc0VL0ERuKZtuKZOH4BjyZbNDrOJuQc7sQ1s0r3cu603yKo6B0Sq1xHTr7qWdEiHYKWGhj8gUumKpsUMk9MbGYjy8AAVTSjTlYKYVyRLb9giYiL63hQEzr4HDHbwmd55BjfcrufPArljvSbdU4C0cnMOXxNSB97aUYbsd+6yk3UiYF9kw2jCORnvc8Ha/OOqJuuSkj2LQVR5zvRfgoClQQ6qwSwKqcqCeKlHvY9SupemxwvTdSI6Ntdb9Y5rKdsnOPbLx1LEIdCTBj3TwcNe6GwkpTN8/5soRIe34C1DxmwaVgR35r9E1+o6/sUTs+Nu6Zga3Qqkj9Y4/ZovER8M9mlxlG/s7Up4BskfTZ8xIMtm8ZRVs3dxX51SRwobco0nnB6hDALtqicquyBkGkJh31Y6Dy7Cr9qoMLlbYsLtq5Yvqkso+PTCmKfmF7IMOlBFVvkeCJ+OXElvUyZeUQuAO7y34GLd3Duge1NiHEa4fYh+0fef6Xz60JcyhmSEG4PAVSPM8KVAdfFnrsS878MtIwnV1Q01CEYP7ACvsLuJ66r+rjjEmEEOugRjVJ67caL8DjxSzd1nzzDHZF7Uvazkl2R3+knyBsyhsUwWpyUM+/8sjPCcwXK4Bhr8NVEayQziSbb0e+BWSHQJke90F28Jfxg0ZJTsEpQ/6ALDK3jJgxy+HQFbQQyT6pRZRKV+yrBfbcGP3dbpb/vTruB2GfB7JKVisGVhcifp+P5GbWmAHy0Tg+B1+SFAEA6oy/TLsk89SqqOr1wAbXkHs9Z+4GU90haVITdXQVfb+OMkYOYMUi+jcNCl6ivqB8csOjrM4a0ZkeKdlvJC2rl/Z/zhuxWg5c0xZjl4kGuPRLxPMcnRDJH15GLcBZzmi4S9VWKrEVExlhBgjnpcqIfkby0uVq48Ai6pr8NaWl2oHJ6Xc+CJuAs5LxYY0w+SlsmYSS8qS9hszx2HDEH6cyG/2wlE+j43PUQtw1vFRMokpqcTIi5UfOLL/GCqlnuZDygmFYBhoPPfbt0kpqRDTH+PcTTQRIcv9ljb3rD1bnyUl5sZ1zMUH/OCdQvpsfTz0+FsCrKPniOmf/QqYYyFVNCXEnl+RJaiSZYfmO4rdDsyvmKKmrrg8cmUfRHL6FFU+Vn5FR0ZMI4Ggjn2TpTCFGTHdI1AQUeJMeI58kUi+OmaMyDJilqTANo0w26WBFTHGJ4JAFD+NyPiqSDrbBy+IcoaXLLhI+BapQpTrzKtIcI2bw9SYdfbNMwsylgBXBHda1tlePl/Hv9Tz8dBFnkrkqVk3LJAErmdvgCE25KefUpQkvDWlm0nIWAJcuCoqSnmWZqUDWEYbxQp5havFMaKSJ3jIDOpKZucIZHZWkfFUzEoRyeeEVpROaLfF73GlPjI7M/5gye5hLm4FGbJElKDjhl6IsgICiikXt9UWib5ILm76LJghDn+m4bysaZI9/Z0BGbLAgyPraRlRVxl6FuKIWJ19pHLDjAv3L0ocbBZ15Ozp3BjZI4H57gkywvo8PX3Ccuw6zndfd15zkIjLQ7577YSCmoqM+DOenn6EKlQxpLmnfvlYPnth7fGohojEdaYEQYaiK3ZQgqGLDS/6PNhzgosQvZ8zJbRTQKKCiiyOiPmRHV4OR9Js8eXXABebcW4qj3xooW6ae7O6juzp3zOUzbwcraYmuid0ePxEwsUmP8c4+Ml50g6RT0Pqf3ycAaIkhKdmeOz9pB3ezXjYoiH7EL15R5bo6QQhmMKfmqGKi9nRWGfXsmjYfJpVLF+i97gvfXUxaIunX9EqXphxjXrMDhX9/DGC7F/MEmNgj9D5T75OL2S2+Iqqi8RROq6hQylVeEEsqytNLU0PLvzws2z2YUz8r/x0MWaLL2nvOn5GTkHlqbC1Bz26sGCTcyvN5fvmCetkaKrvk2hp7JqwoGT+z5kVHlvP+PNxCjsjoWmeiZekpz8hHe3hI/xvNru45KGyTGb7lFsh7V5i2ovj8nPeZMI5mkhhx3/FK5OWPNT23xwWO/yUrx5o+cWVfPIpJZGsB62trzxiRb77ldAGH7Px7p56VipRODI+DKcUwjjkE/bac6xDhsNFVAJVFzmNEaT45rh8Hr7uOF34Be1iQoY/cR3L+gq5/QvQu8DKWcPBzT6EF1vixebpyP/9O9rFhKwM3dtWI37zX2My1M+DZvHh42WvuOAD00/wfvvjR1lVVtLrLWS6IvKZ6QTvOd1kfAlHBs9cZ9M15dsaMgJuKQnU6qJy091LA1Vd4vDdCeACB03DcSubrLdAQ0S5vmqCt7S0ur64ol19u3ifFghebPDzjb34ZV3EWfXCHMURQIPyPQMsob3FWFZjQf9Hlotu84nWspjtaXAz9BBHmYU7/sfTYPpVTNbvHVoanE4O91hBOTAv3haVjhv32qUpHl4JjBoEtPtFp9occo/boASrUeI1zo03TkkQTiGS0uBZandGwHaveGdgggXU9XjWM82rIjoa7GkxNN7XELZbd5PRMLkFUA2KENaMUNf0pLqXENCX5acon1e4dykFuLu3Lu2Be+STDJuCDOVnODGpigqnq5KBdIHakOZidJsWTJu3LuXuSFeX5TcUVWEaI86LDi9T86LOedlGwr6+Zn1vr3zp0qXDTSSH8V/lvT3tmrJycF4LVjHKPPZo0gRKU6FJC7FTSaXYVcIvCOvxwoRZQxbQr2NobbXuqJcSXEV/m9SUYJ1N74IC6DHuawu6kwnzxu0dXGpl0xmbjapU7nDvYf0IZK1Yls2HE0VoAxLYN0HW4PctxwuvLUtlnq0VCmnMSs2YXxjPbGYW5qXylicaaiS0pfTYE7aZ9pxcVOnsuNAoU7LWELaEA7MMsqbo6vxhIWmo0OJmVadS946pakm7f/YcjRBKs6o+8FjmZtsJ6JpT7dk5/cb56gWBhUWhMybTpeVqe2pK7niNqal2dbk0bbxjefLR7pDSUHu/ropS0hVz7YukLCHJ2JyoqmceZAwhjbbZJpNk+YLqShITz7kk5tDzbnJ6mWktpEFXWmhdZPuzSSNmv5KR/aZLpZgt/wDWlyAzODVrtVrF//8RdfSn/Cl/ii4BEzBXGeFN5XDJbtjD28z5ZBLOv2HZMxDRa9nnPq+iL3/m5QdCxBV5URG4Gf8ZKXfl5XLJRzCzUmctYd/kGI56QbkmwD8bcfXZtWx5hpj/zimf2ZtzMBUirghEReBm/Kfa8kApF7cSzhmRloBEHfQdcAj2viYBAzkjcknA2Jps38DwlnNQKE2PAec8CdQe+KabAAxmT6snAaNPzjswlNUJ/18jE2VFcUOlBorAUAs50BQ7sBy4Vq0QAKuRb4kBsM2ncdccFxgtt8yv7PB7cbqaQUQ2jpFbKuQhiGscwPDdXfIsimozxec87cn0uzz8oAEDFanAAOXlZCT05y4vgNUBSqfXgEoSgEnXWoBJWDwCw0UV+M/9/zfAurQo8nNYnjCwnHAw0GTSAaso3gn8WRR+jZaLkVRkViz7AwY8uCAPnb1YrjA3MHCzCgx8huXmDHTvBxgQFzC2p8M3sJ4ErCbVcRbAePI4z8AkB10JQqmOswDGKcUzsJ6pIWfDioFcgjdWDDrs3vMChqvheQb9AeM3nCswDsUfsC57YOcFTK7YHzBe0vkCY6NRf8BC9rUGjATB+ZBGvkhw7N3JiOiE1FfD2xNNwHrsFl5hUVxLmy3hHRlYT+yQVB6YBiwDt4qCYQsVlYUHGVkUNyl/owFjTR4Z2ED8Tu+q0Zt1YGDhEM2i3xff0MGjHRgclIIYTgeGi0gXUg0FjD0wHRgY3LNMMTWlDAewUCxd6YBmWoCNHd3rwNgD04GxjRCgx4esceUwCVimzp5CR5vMkYDlYc2+gcVF4U6tLpHpgnRstLk4Q26dfYzyXFRgdMpMpJWtK9fizyiPN6g5lIqiV/CK6qBscZMotm4o9/8AW5Q+aKXy/twAAAAASUVORK5CYII=,,"```json
{
  ""address"": ""27/58 Box Rd\nTaren Point 2229 NSW"",
  ""contact_number"": ""0414 446 780"",
  ""name"": ""E1 Pool Certifier"",
  ""about"": ""Lee Steege is a certified Pool & Spa assessor and has got 25 years experience in the building industry. He lives and works in Sydney and has an excellent working knowledge of building requirements of local councils and regulatory authorities.""
}
```","```json
{
  ""address"": ""27/58 Box Rd\nTaren Point 2229 NSW"",
  ""contact_number"": ""0414 446 780"",
  ""name"": ""E1 Pool Certifier"",
  ""about"": ""Lee Steege is a certified Pool & Spa assessor and has got 25 years experience in the building industry. He lives and works in Sydney and has an excellent working knowledge of building requirements of local councils and regulatory authorities.""
}
```","```json
{
  ""address"": ""27/58 Box Rd\nTaren Point 2229 NSW"",
  ""contact_number"": ""0414 446 780"",
  ""name"": ""E1 Pool Certifier"",
  ""about"": ""Lee Steege is a certified Pool & Spa assessor and has got 25 years experience in the building industry. He lives and works in Sydney and has an excellent working knowledge of building requirements of local councils and regulatory authorities.""
}
```"
https://charmaineiversen.com.au/,"Charmaine Iversen Kinesiology & Natural Therapies – Helping others to improve their health and well-being
About
Qualifications
Services
Testimonials
Contact
Call Now 0407 779 303
Charmaine Iversen
Kinesiology & Natural Therapies
Charmaine is a Kinesiologist and Natural Therapist,
helping others to improve their health and well-being since 2005.
About
Services
About
Charmaine is a Kinesiologist and Natural Therapist, helping others to improve their health and well-being since 2005. Over the years, she has mastered many aspects of gentle yet powerful natural treatments, and her methods combine Kinesiology, Spinal Flow, Forensic Healing, Body Talk, Access Consciousness, Theta and Pranic healing, ITA (Integrated Therapeutic Alignment) Reiki and many more. Charmaine is dedicated to helping others become the best version of themselves, and leading happy and healthy lives. Our subconscious thoughts and feelings can have a huge effect on our lives and sometimes prevent us from achieving wellbeing. These energy blocks and imbalances in our bodies can manifest as emotional issues and even physical symptoms, which can hold us back in everyday life.
By working with the body-mind-soul connection, Charmaine can help you address these subconscious issues, and help you create more positive and beneficial thought patterns. Once you’ve cleared these energy blocks and negative thought patterns, your body can then activate the healing process. Charmaine will work closely with you to find the issues, and arrive at the optimum treatment methods for you as an individual. Based in Baldivis, Western Australia, Charmaine has helped numerous people in Perth, WA and beyond, so whether you’re in Rockingham, Mandurah or further afield, you could benefit from Charmaine’s uniquely successful alternative therapy techniques. Some sessions can even be conducted over Skype.
If you’ve tried everything else to no avail, maybe it’s time to try out an Alternative Natural Therapist! Get in touch today - you owe it to yourself.
Contact Charmaine
Qualifications
Diploma of Kinesiology
Diploma – Forensic Healing
Spinal Flow – Certified Practitioner
Certificate in Anatomy & Physiology of the Brain
Certificate – Applied Physiology
Certificate – Advanced Acupressure
Certificates in Brain Integration
Access Consciousness Certified Practitioner
Certificate – Body Talk Therapy
ITA Certified Practitioner
Certificate – Advanced Theta Healing
Certificate – Advanced Pranic Healing
Reiki Master
Workshop Facilitator
Services
Charmaine is a Natural Therapist and Kinesiologist who offers a wide range of services that can improve both your mental and physical health and well-being. Here are some of the main alternative therapy techniques that could help you:
Kinesiology
Spinal Flow
Forensic Healing
BodyTalk Therapy
Access Consciousness
Kinesiology
is a natural and non-invasive type of therapy, that makes use of gentle muscle monitoring techniques to identify certain blocks and imbalances in the body.  Kinesiology strives to treat the body holistically, recognising the fact that all of the systems of the body are linked.
It uses Western techniques, combined with ancient Eastern wisdom, to provide a gentle yet effective solution.
The premise of kinesiology is that the body has innate healing energy (or ‘Qi’, as it’s referred to in China). It is always doing its best to care for itself, but sometimes you may need to give it a helping hand and put your body into a better position. Flows of energy relate to all the muscles, organs and other tissues of the body that help make you a living being. Energy blocks, though, can manifest as symptoms such as:
Stress
Anxiety
Depression
Fatigue
Physical pain
Emotional problems
Neurological problems
Hormone imbalances
Nutritional problems
Loss of brain integration
Kinesiology doesn’t work by simply treating these symptoms though - you have to look at the body as a whole before you can treat the issue. By using muscle monitoring/muscle testing techniques, kinesiology practitioners can help reveal imbalances, identify the cause, and then help to resolve it. Whether physical, emotional or even spiritual, there could be various reasons for your current condition. A trained Kinesiologist such as Charmaine can access this information, and help you facilitate the natural healing process of your body. With her innovative methods and friendly persona, you’re likely to see significant results when you undergo this non-invasive form of natural therapy.
Spinal Flow
works with the spine and nervous system to increase the bodies life force energy so
that it can heal.
The body has its own wisdom and intelligence, but what happens over time is our bodies experience
chemical, physical and emotional stressors which get stored in the body and create blockages in our
systems and this affects our bodies healing abilities. These blockages can be found in the 7
Gateways of the spine and show up as pain, disease, illness and other physical symptoms.
Spinal Flow uses Access Points found in the sacrum and cranial areas. These access points are
actually areas of ease and by contacting them and expanding them, Charmaine is able to guide you
into bringing in more breath, sensing, movement and flow into the body creating a healing wave of
energy up through the spine and nervous system to the brain. This allows the nervous system to
send different signals allowing your bodies intelligence to find the blocks and release them.
Forensic Healing
involves collecting evidence about a condition much like a detective at the scene
of a crime. Forensic Healing will investigate the who, what, where and why clues in your energy field
as to the reasons you have your condition and release them using the application of different healing
pathways.
Your body stores all of your past experiences including thoughts, feelings and emotions which all
impact your life in some way. Any disfunction on a physical, emotional, energetic or spiritual level
creating issues such as pain, stress, anxiety, tiredness, fear, grief, hurt, low self-worth, relationship
issues, health issues and energy blocks can be investigated using Forensic Healing.
Using Biofeedback methods (similar to Kinesiology), Forensic Healing identifies the most impactful
times/stresses that created the blocks in the clients’ energy field, along with any negative life
patterns, emotions, belief systems etc. that have been stored in the cellular memory or DNA. When
these energetic blocks are released through applying the appropriate healing pathway, the situation
or condition changes and allows the body to heal itself.
BodyTalk Therapy
is another method that seeks to address and treat the ‘whole person’, rather than just the individual symptom. By looking at the bigger picture (overall emotional, physical and environmental factors) Charmaine can start to find the underlying cause of your issues by focusing on the bigger picture.
BodyTalk is therefore a completely custom and personalised method of treatment, which will be different for every individual. By allowing the body’s energy systems to be re-synchronised, the communication between all systems can be re-established; allowing them to operate as nature intended once again.
Ultimately, your body knows how to treat itself, but sometimes it needs a little help along the way, and Charmaine is an expert in finding the cause and solution for your ailments. With conversation and methods including tapping gently on your head, sternum and navel, Charmaine can tap into your body’s innate wisdom and help bring it back to its original balanced state.
Access Consciousness
is a powerful method of natural therapy, that can help you properly take control of your life again and change things you’ve never been able to before. It’s comprised of a simple set of tools, techniques and philosophies that empower you to create the changes in your life that you desire.
Charmaine is a natural therapist who is well-versed in various aspects of Access Consciousness, and is the perfect person to help you work through your issues in a productive way, and get on the road to healing. In your relaxed and comfortable sessions, you’ll work with her on a number of techniques for improved perspective on life, and the removal of these mental and energetic barriers holding you back.
Part of Access Consciousness is something called ‘BARS’. This refers to a set of 32 points on the head which, when touched gently, allow the flow of energy through these points. This then releases a cascade of thoughts, feelings, emotions, limitations, behavioural patterns, judgements, belief systems and more that have been stored and built-up throughout your lifetime. Having your ‘BARS’ run allows the clearing of limitations that you may have about different areas of your life, and helps you to stop living through past experiences.
Charmaine can also offer any combination of other modalities that are a priority for your body. If you’d like to learn more about these gentle and effective natural alternative therapy techniques, then get in touch today on
0407 779 303
or email
mykinesi@bigpond.com.au
Testimonials
I cannot recommend Charmaine enough. I lost my husband a year ago after battling a very serious illness
for two years and have my own health issues. I have tried various mainstream and natural healing
modalities to assist my healing process, which has been more difficult due to a variety of factors. A friend
recommended Charmaine to me while visiting family in Perth. After two sessions with Charmaine, I finally
feel like ‘myself’, with immediate changes physically and emotionally. I am finally empowered to live life,
joyful and determined for my future. Charmaine’s skills in a variety of modalities and her own skills are a
gift. We are unique. We need unique healing for our individuality. It has been a blessing for me to find her.
Sharon - Tasmania
I highly recommend Charmaine and have recommended her to many friends. I have been seeing her for 2
years now and her work has literally saved my life. My first session I walked in with suicidal thoughts and
an hour and a half later they were gone and have never returned. Whenever I need a ""tune-up"" I head
straight to Charmaine and I am never disappointed with the results.
Christine - Darlington
Charmaine is a gifted and brilliant practitioner on both physical and metaphysical levels. Her commitment and ability to get a result has been incredible. I would recommend her to anyone seeking to grow, shift and change to a better human being. One of the best investments in self that I have ever made.

Thank you Charmaine for your commitment and love
Blessings - Mark
For at least the previous 12 months before I saw you last week I’ve had the most horrendous back and neck pain – which was only being managed by ridiculously regular Chiro and massage appointments Since I saw you I’ve had barely any back and neck pains. I thought I’d let you know as it’s a massive change for me and my life and I’m very thankful for what you have done for me.
Jemma – Secret Harbour
I suffered tummy problems for at least 7 years before seeing Charmaine. The pain I lived with daily is now in the past.. She also treated my ongoing battle with daily headaches and monthly migraines. I lived with this pain for so long I never thought it possible that I could put it behind me and live in peace and experience such balance and happiness within myself.
Amber – Warnbro
I can’t find enough words to say thank you, it’s a blessing that someone actually gave my wife some consideration and the fact that you cared about her is very touching…Thanks once again Charmaine – you really have touched our hearts. Keep up the good work!
Mark – Port Kennedy
Charmaine is a beautiful soul and unbelievably gifted energy healer who uses a whole range of modalities. I highly recommend anyone who is needing a lift, feeling out of sorts, stagnant, stuck, depressed, suffering with trauma, etc. to get in touch with her. She has helped me so much over the years… I cannot speak highly enough of her.
Kylie – Rockingham
My sessions with you have brought about major breakthroughs that I was hoping for. This new found       state of being for me has been miraculous as in a short space of 3 months I feel safe and secure in my work environment, I have a new relationship with a wonderful man, and am making and manifesting exciting plans for the future. I now know and can say with absolute conviction that if I really want to change what I don’t like about my life or if I want to manifest my goals, I will be returning to you for a tune-up!!  IT WORKS!!
Lisa - Mandurah
Contact details
15 Huxtable Terrace, Baldivis, 6171, WA
Tel:
0407 779 303
Email:
mykinesi@bigpond.com
Enquire Now
Opening hours
Monday - Friday
9am - 7pm
© 2018 Charmaine Iversen. All Rights Reserved.",,,iVBORw0KGgoAAAANSUhEUgAAAQUAAAA6CAMAAACOE7xvAAAC/VBMVEUAAAAicop/sL3P5u/G4OTt/f+bs8Lq+vsARHP2/v9xuMCHx801mKcAOGz0/f7z/f5qj6gAR3QFU3sAT3jt+fvc8PSFvs2t1+P8//+o1dwAPm/4/v/z+/0AkJ75/v+33eT5/v/0/PyfztWZscB8prqOytEUVnwZmKSCqr682ODr9/ltucQNW4Kt1eDB4OTB4Oaw09yMxs2o2d5ulqzN4uaJp7oANWwATHZZsLkejaCHwsl9wcjI4ObT6u3E4ejM4+lkprhJqbOZy9DM5OgwiqHa8fOw1Nm52+DW5+tIfp2Zyc+fz9W3zNa/3+VPe5g0cJGJqbvb7O+dxNB2tsTo+Ps6ma4KRVqjucgAiZh8vcVrlKq/2uC/2uKi0tiPs8SAu8derriDwchymrCatMNas7yOucZnn7Qnp7GDn7PR5umy2N1dtLyPyc/r9/ju+Pq92+LI4OUrnKgElqO419xGe5eVtMQ+fZrV6e20x9SrwMxxucG12t6x1NqkxdIAJGeBoLNktL1ijaWk0NVJg5+hztiPq7xjjaVFqbN5obV6v8aMxcxAe5h1nrNhuMBLpLKdtcNrtL0spK8ucpFuusKvxtEWmKVznLEKVHtcmq9bgJlptb1VrLZXhZ9Ae5hUsLp7wMcGT3k9pK8EmqaryNJym7FMrbYPlKGiuscBTHi6zdc1oq0roq6Xuc0ABF0sbIyl1NgFXoUFaY8ALGgBVn5JqbN5vsUMlKFFco8LV38AkJ4APG8/n64AZIgCU3sFY4gJc5GyydINYIYFd5gAPnAAUn0ATnkClqRKs74DW4QBVoAAm6lCd5kASXY2aoyUytEko69Orrl5mrExpLAYY4qT1NwsbpEhaI0iXoQRW4JkuMEBoa9WhqNrvsg3c5UqZImF09x2vsdAq7Z2xs+Rq75fi6dCcJGu4OaHydI1qbVxla5bs70an6xXgp6f2N86tsMssL1Ou8dIg6V6zNRgxdCmvs55n7cnqLUDYowTrLlmhp/Q8vcvdptklbJgkq+W5e7GPCWpAAAAw3RSTlMAAgQDBiH+Nf4j/bwQ+RwQ/vj8+ktGIQ4MPPc5Ff0sJRgI/vqzaf3umHlcMh8YwWpo0i/wmP7+/MYw/sR8bDRYF/vCsmFY+9V8/ufPxFH9+M6cXkQpIgn9++/QqpN9cFD8397VkIpmRv3Py7WxeWtH9fDs5ci3sIb94NW4jHT95NSwrJFP6+POza2hn49tN+jjx8XBodzTs1D57url289+X/HGu7upo5Vy0bKL/vnZm1D99um9mYDm3rqgdc7Km3jr5c5MyQSRAAAaUElEQVR4nO2bB1QUSbeA70wPMgw556igIFmCkoMiQRAwACKCoi7m/JvjGlbXHHZNq79p3XVzTn96j5lhGIacc5QkmLO7e96t7p6AyxreW/a9d85fx0N3T9+quvXVrVu3qloAeaK4XC6oJoqCIUkU9+Uy/0uJ4pC/HEreeO6Q6cp5TXE2cf8EdliFhq2tBgBP8QxWOkNREwfcbP+7OYc2Ye97z1tXWpqyfzSYeoYSEuqen2cvGIKquHBwjK/zazTp87+yafQQaKOaeKBz/FT5lmonSeXkTfEP1llB2NtjSh81Tfrj8XPBsieXX2r6iiWjVOEziURSIxT9PAKGdExQYJXd51edczz0w9WP+g7JDlnBtDsiC/3rQ0CBB0HtX1Z/Nf3VS07P/kropJ+w68NoGCJvTScK7NY3aVetsyQPa5pkwhQrMD1wtNp/KChQMPWsKH/Mq9oCnbZXGci22gyxX+DCrA4L2S5L4HKwnsQm/i5d/G1UgcVQUMCSffRikl+jYA6MaNSv+sfQDgfsHdMxfIPGk3Q1PFjak4s9NXQUgGNmavo68lwYUahf/pchniE44Fxo4DfcWD7qVklUKHBVIynywFUZm+SeUrwnr0jgRWtLDZB8PqO8XykeFwZW8VxGRr8XUqBU5SlK5QeKKYvLUZasrIniUXTVylK3Nhnmb1fUuaxqt5KCvLEqqjO02CBG/hvzyGXlKHlZSnmlrEITDpmQmWBtQNHPOQAVCmz8RDIwF3kGJs6jm6Qo6rkRxEryWHUVt/IOgb9LDCvfZB/Rezn4yv3CJVg2f/5ORit8rb55/Pj5HmbyjGYe8TyIn5/MVhOyWR1cZo2fpYPi9sHzxzu6yBXQ9Zg/fv6sEIVC9sHJjAYaQZkAyePxFUfODzPOmjCAw29tgaO45QLPc/x4T55cJRdPN7CcNd+FItJGyePHzwq189RiJG1QC1SRTZbOo8GM1pbNGnpK5l8wSgFRN3Qnj6bAr1l+fHJBTMIIMlhwNr26u+POnWc9by0l1qGRvn21ry/ML23s2I8vPdf847v7SfPbK6t+ObsJZxrfLyo7Upzp/oPod0rv3Pmi4+xxKwJZLXL7dl9fU+wJ5xEzPl5tdLmxsuOsjz3TV0uzUfSO7/7BbYH7j3dJ+gAg8+iP7/5IZluPGT13ntXPCCadkrTmLzkPXL3b6wva3bCZl0of3Lnzi96MB+OwNVww2VV651nHbh8dMlQ2bd/68ZsuMwqqOnavZauZ2WOhSoGFjBSq2+v7ErT55et0yGyaHZP7ZM2aU18+mmOGAqsTCoV+782q3GK4JWcpzHEqKPe7vktYqSez4JfOfPNRgl65xZb2UBx+4DEsV/LOmpxqv550QuVoH2ZEz6N2SFgg+uSU7zO9aguZnjnd1UvuCwu3jjgra9w/CAXs9wfP8iXCO5eRgm9T/hP0sZt7hN+PSEzI9Y0GGKVXKPHT37x1i4V+/hqwWxWjvzpxzfZT+bnjyOpo2llh4eURT/weRAIY5wgL+J9szSnQE1rk69kyVjYvxn8ABR6PoeBvIDnqmV7K59ebYM+tzdlSiIHv1XKLmFlY7KEeAwNRX09Cj/BLvZmw7oGhoZOTpP2q8/pCQ359xyFn57clTo8+x3J0E2Wi7TxweaKff5TUcajewqkGKUxd3uHv5CSMGeWRfV1fkkg01bnvJ0q0A/NTufXRygGgpEC5HBU5+Q83Qm2MJ+v5AET3fIKV231Y+Ml9DZj0scTQqXpYVWmhRdNbYFIgSqSt676Q2MLUMaL8UQDOBVtOGYPR0wJ91DZmnvOuJv3GfUzL59Xrq1Lgym1BP/9T7PUREgOJKz7PK/ikxwTAtdKw/J+omXrI0Ron/z7nKX2Nu63AMmR3jVOu71I0RD2Zkx/GHjA6xpCPTQKjdZ8gDQ7MqdbWc0FjVJtZakGiJntL8/fyDSRvAth9Jyo/Slqb1PhlTxBWvr1ceGjQEQGz6vXz59jjTXQMcefZNaLd9ugNcvzKR4ONzf5Gf//GxKnZjXrp4Gog6snQwjEY3D4OpmNPa+uh9va+fjH7wUo9s1FkIJkPYF7tX/U202KfUgtDJQUKwnZSDIXCRNCCf1YaGhAK8b712aA74acqQ8kHtOzlSv1yVGVKIt1vbzXpF1zF6rTGiAwx9jCFZQ/4uSlTAXT+dedjT7BKPlujnRNEPIrlmFwDJnacU2PRsRns4dP8mtWk6sQm7Z7IKZmZ79QI/6Z0kEoKFBiNkfGfJKEtbG9HXFM/FVXvRvmdn8qqs1HSucdC9mQp2K5BD+RqaCCsrs8+aYS2TYFNux+/dPOUKZ6+FrLtyM1UT8TvMQeYPlkkp2DznUh1jrDL/lk1anqzSoQU0C0vc7TzTPStRIgf0P0yotGi7xI93ZCp8a0mbTROHriNEWo/iCc2267NH66BN1MdQ5eMWv2L0Cm31BkFefBjjZCOSHhoHjlkcfAeoYCN/pvEsKb+519+bqwp/34wCphnzXV9VBtCEsZgRH1cz8KgEuV/qcyv3EpWKKXa1bvZdrj15TqJRLLGnDUYE8PoepmBpP7nn3+pqs5dh2BM9ER+w/AapqBAwdFyg/y3QW4Ktr5faQ2gQGyBQ9q19Xr+k93lhjQFEtdqn/LBiZsJJ1QptE9gKQzTIEGB1aSExpjdMU7apUFAprB3JQwFak6N8CihKKfwd4mo6Z0ZM2a8886cy4NS4IDtZAN+3xQcxMexCjJoE9gMO7BoQiGbAjpW0l1V72fg5GToV5CzDGBcpUiWMIeWnLFenVCQYYs5KhQA1lcbaLezsSMHNksmD0KBC8mlouqtS8y/IBR4tG4ilaWhKgXfUCUFHtisv85PuKo+o5pQ4A2gkJ//LlFBQSE//+/wm6RCgQKz+3ynR1dt2hPcMOP+An30g/LEUFgvf1A/rlfFF/lX6wt38ZCCgd8wRazAJRRqyMpESYEDoR18MpbpUA54Y/IHocAFF18/oe9UGNdIKDDRvegrtsc4L6IwqkC7MZk4AUKBZJSPCKQgGUDhbzX8BE+mtYNTINF+vT8/Jzl/PynoeIdF9WpFPwygQFLI1eGTr/MNa/4DR0SMiF9qzpgTh6Xw4wAKGBGtlzjJtpI1JT6vyRepUODSfmE6Ad+o34ST0zSawjJ0viMKZYUhrDVxfocCeseQjlx+uxqQOaI02NYbo7LVIsWIEK22k48ILGhrtUX9POChFjqqqxX5TEnj0diV6yQ5+2An8bNLn/CF3+mQOzsjYP3CetaiuSddgdINmZTTJPyeC+opfk6V4+gYW4PYNVIQbucNGBFccDsrM2T3Fyb1CUXP2YJ+E5kFPpAY1GwGeBNnt7/Cx8lkjtB+EqnQVU7BTE7BHAON4RioHSwwyEUbSk4Qaue4JKIBLx3+Zc1uOsTdXf1l+xLM+2m+hJ4pN1f6C98iWOz+NUrVGkbg7PwX5pYH8/r0nfITdWh7Scy36LhKfo5/imETOOtZVG9leyXs2WU6SndJIBTMLkkMJXQo5pJCpm23eoMt95GcVpOoXO4RMST6WKbdNHzK9KBDNYXr6pECGA2XOTXNcAPjXTKDwkNupmRkCPUSV8cUGoreO9rjAcE5fIPrI7TcmCKic2SG1/dP53KSOvwNY+ZzMZSpwqjqoBtM6eA71cy4PPm6v2HhnMrLMH1Wvb9/nw/wTNc+8Tfsm2cPzqf8/U9ttkeCw4UWCettw2yzH81QDvfpnnoiJ6evJqlPp5+tPs3XT5hFhi9OWw9kosknTcOS3nu0AMJM32w0rHkvzI2iKVT2XbLSATvX/5BtxZXmhPtb/DtGmWqFDvtiP5hapV838O9I5nGPFxrI9OLt5SuttXP6tsiqq5pkPZM05lSGgWu5yC83d0vHzu+Eubm5n/yyEzIL+CK+8NmIRKG/MD/F8j8rZfgi91EiTf7zKj55kmB0gRc/2d/g3XJtvNsyzNhsl1AmEj5qn5SQK8rt8ICzQiw4t/KvZilCzOMn+vCkBK/8/PUYoYX4Nm6prtcrFLV7K4YafJ9PyuYL79AhDQfWF4o+ZR2Brs9koaxKr76pMtsK1jwjBeeKYqaReT1scq5Qb/3VdQl+7UlENDpF6NeERecPmwDGw/j8XP6WyvQPHpEcjZMUyO1mHeqrqqzf5WkHruNx4Awfhmn4uvhD9DUKZ5uTPZWNKZsgbGtM46EQWD+MSAxP+ZAeUlNS8Gn4sOEw6z65uZ8Na8gvw9qXT8BlTP0XpZeMeMdLvyidhRMSLXp/vtnydrqABcnD6LzLzVBXm3ml5TJRfWKornI8ZKewuswEupcndBR8qHCc5ikdBrL8ng8RYfo6Wm5YiglxIWExKetihMLc+rdCefToMV7zQIJF78eZwmi5L11gJKutYqsdDUzHZNo0Ex122U2p0UnDTEeDvtpjjfheA1/pmpjYAVeHEVBjjizsNZgn0GXE7cCO+UXDngNWJq62qCXP1tUWFddhC6ZYAR0z5oY4RPxnO83V1USFAerF1qRhxf5gMk1xToIjz8TV1dVWl0R7rA5qtH1T09Q0TFTKwtW+LUqakEpYbTXsWG2Vxy7yTQl0uJzBd/g4KpfX2QNkZHmUShm/myhWgPcimUGUepFCvIFFvmQfm+JyOMrNKy6T2H0qZi+HQ/PhcDmUfP9KsdslF1fIU8rXFBtf0hOxskBFAQMLImdxnIF6sQKKFnMo1bccVm25HAuEQ7bTBpRFP6oUSVGqrft3+nf6dxqQKDoBh7nAy47In9vdfbUTfuq5PXzm8wC2xtfQVFVjSq7waxxVUL8nPPBnCl7qR1UT9zcFvECD3+R8vUQNWtGL5pPXSTbqJIGdpbq6pRqYhbz4iJzyNrdXPHCAZ/xKXyNomI+2UT5NVVe3IfA0sEaNV1UTsVl60+zsLdXlyRKjCPPXOOuyNXf7nTerOosc+h1gXqdDUecOCKmoDf397qXAVNDmrezWA4s7A19uDFxIb74ZtZTNxoG4TocoY+zFiM6izksqNvKi4cGBnfs6BVpkm9bmaZEDk4r6JzrObT74qobFhb3N8wYVxjA0VpxatorybEmVOvjAOOvwBb/fLg4EiVPHse/x75468Z6XB0NgXnLEuStOkS09K/XhYnIViGNHK7O/cCRiC+6lrmQoFKWeiQ2wto6NrRUHVNSJx73ioKTA8rD1t4ML44orQDoXzdMrb4EGBSH9XWt/Xx8KbAOaFbaA0g7SsS/VgQvz77nDtj3K+DOz1bpkLV6n3FVX7Rp1oxc2Ykf3SJrCVIcADXAvEZvDkraPgsOlB1/VNXFA89fBbYFQKKpDCs7NE+1QziraE+gNX7lbxyiMWVtwGdfuEWQFSqd/vI6moHD2tBT3eUc4/mYcjN0GXPnp5pQ8a7GDGsAbNFG2LB5sXD5QNR6HORKmBbgwLY+hYNO5DwiFcQBdc2Fk8Tg2QFccHpOwkFI9+uUybygwDlIH5ZGuvElKCjvDvXRQEdoRUypR93NmwWX2p3hspfD5rbGgOMRQCezpuJYNdtEWbh7xqN2npPLG3RZx8Q5CwVzh5Hlg6RBHAnSczGj15R+aceR1jWYpaKwaR1M4CLwFGbACKQC7bcY0mMPoIQegOCfmsLuK7Ln6gKbRFD6yabnrzdRr44G57Dx0XRyDbQhSOw/HpWRl5uLoOCEYTdYqiJwyqnk4epjhdTxSQHkjR0cj+jtBF8fNIerOIQADavBsW9FQZDbuwAFHU4ZC18YL4ixv2haA8nB0DMZVp+W+BvcB+XSDQdc5nhzCOnqoYV0MBbpEDmMLWLPWCuloI8d4JoOnozoRCDYBD097sPRw9DSmLTXYKp4VCaaxezgGE5sw8nT0dHExk1OwjosVt0aS++C9GwI4Lou3dS2suN22HKexJRvaaitwCe7TefduRaf7sr1j+3EqXTu7oq1iMeYmFGDqRkHz3S5HrHBTUW3F4dhfv/npyPtfZ8CVH/a60aPLbKy4Nhrm3rvVb0v6Ak62qUdJpQ6649AWqH0Vd9sq3MGjs1t8+mvNRe9fOwAf/XDtvNGOsRUbIxqKjIM7G2rbZuMMp6QALAV80BopXdh/r4VUHr2toVlw0Cz9SldsuqB5k01UW21DSyYsW/x1hVdRc2+E+vQd1yq+QaoRggbStglRzW0VFcvVgMtS6G25IQ5QR0wLfxWvhKSnYuuG2WnWbctALe3efO+2WtulFWnqWhu73TN+FRePBlvBrY3Gsx8v1mUobL4niPboLfEA55ZeZ5/uVofx825K+31g0b1VZrTdHagVtx4Al6zwePKIttBsa5xlXetxEClsyjtsvEOaBUtXlYiLJi5Y3vZ4EUTcvnlsCSpRcde6bMeimwfCsh4uVKXAkVOgkEJxydjD1kXGsMShzdmn9sySp7dSAyrKrL3m3RrLOVZXpJv8a511w8LIlfc2qf3aimOfWnxvETftnuPUqNZo8FnRryOnkFqyMc26NxIpGH1WtmK6pc8FcZplfHj3FPgsb6w97Hi8I6jtYsZSyPS02bSyZDQsrisygozWrmCagluadBWAV50DHLi1wc6tFqda+7QbG9DhbiCfQnDA+d7iWOsAFw3BYmC+hSAjYUeJ9ezMu+Zw5fZcMMnDOdCqpWwihkQRdYtAR1AcaONz+sbKzV5tTwUtSyFKOpsazBY4hEIszOytTYbzj2frgoN0+ZLZZdK5OxqedkoXQGR4g7fOphUP0ScFStGs9tycC/FtI40hSDp7QtfK80vAdZOufERI94JjnnWAEdijI14ZBtPDu5H9yrwp8NHDFefOnbj9tUevdUNAHDnZGJk3Gq49HmEPa1seH6ApaK0oTgZqYlk4/HTzGpgIWrExjtLwDCjax2yTbqiwXFbbvXFmhS17pEco2ARIR25ACmuX+2ScvrFCCw0MKUyHf95cBN6CYi+AtBvbwG2ZzcaJS+LCi19AIRl8BHlTrGLFF/Ycrr3pBYtbS0xgp41z1NqNZ8QC9Dwnbh8EWBjeOhreRwpvYJO2HbkVHp9mndc121m+aqDnCJ3D1r3kCwOsKgxMwolCI2kKJ66MXbToPMTmpVp31+6EMELh/VvfggqFkcWuDIVNeS1Gy0qKfQCWFYm9jA8H06YwdWWFEcSKTwcsZmYRhgJENoiLW8wBPANKzpVhpTQFLnwrp+CWdmM2CdaNlhdXCF5kC+PAp/bhGzb91mcWLbqy6DPQLBOYE1+5IKulS9yCTv9EXiZOKgoKxSOvLVq0aC9supuaeqN2nnKOwHghoyHVQZ0MvpXTVSnUZTP7cpb7WlrFaOYshY8IhToFhYOEwgUtnVW39wTkRaGN6UZIBU83MOUntWBQ7hGQ2mILwUm0LZxEChxY3G2NFEKz8uahAXIYCkBTMCEUdJECmS8j6gKSVkln/9Y7HmQpHEQK3W/YOEivMHPLYkLBFDxv90YuaEVb4J64/QahUMZSqMtivjbSyRCU3LBuMCF+gQfGhALXbNuNMpyppuWtCAGt8O6JZESMg7nS/glkC9RNC7wj08ouwvSVedPgivRjY1gr6HWE87e+hrAVZe4UTCwWuMHCrCNxQTpkCvXMomcdehtcYL3Kxj5O3JsJgQvYEWGCg8+oJRUp7K2LtTLPW6GuYyvAYRiCFK6AsaBYU24LoVmtGeBww8ueolnJJ9+NJWJXem+etgVB9xs6/xKTAM5qKmsLarOlXpBeIvDmUSduegJElAWEwPu3f4KT0oZI4Jja6E4Dt5mxZSunMWSTaq3RBaInsc4yh+gbWZHgEn4jDpZdqAsCnxbxZ6AbtTG6C3HGtx2B+BXFQRDZ27AMvdHpqbpRqWlqVJQ0FmBb3Q7IaItzWWrJRCTbbmSZMEcIsE3cu/CzgF7xhX0NtOaw6XYw2eV1L6k1h/frrnlEScM7l084LZ2Y3gnfPh7rsuqGOFYN0qTEmDbXlu1zzBJv08x0KV4Rz4RAJHISix1JGcYXpBnoHYunQEYvYqdil6Mt9OJC17tFPDv+sPTM4m/ghDTKSOewNIIy2yaNAON+ay8z2Bhl1I8GrRtQbEI7hh39D8vu7QmJEJSU5WVpOnS3CtyjWrt7IwLybnSutVuV1zb28K8+0RXhgZqH2yIzu0qKO4PUVuVt01zRnARXGoobHGyXFpUFHqvrtIS5DwVdRacxSMByF5Q5aLDxZHKttO52bJDg4eMiNRKIfdNcVnEe31nGonfce7v7rqC2+PY3OlF1Df3n4fzt1v622rqGqMDW1rINOyG4QtxQEdD6sMurqLukK5MJBm0dGopb234C2FlRUlzkfrq1+8xMq7jWrg1nap0vXSjpPpOBq426kuai3rrmz+BEcUNAWl6/EaQ1SLsmmkW21B4e2zzRpT9vg2ZgXpQdTSE9UFNTc6/xxGN4CVyIfyIWRARqRkyM0NT0SgIN94sX90SahXpFnNuzx1032Qt/XQvqC/cc2RBpBXsDNQPjQmCJ15EjcUvQt9xLTU21bvUi54huDQfYQA903b++5m4EzseOMYv2zwI1vTJIMG4e503yaloln/MyhtBjP8TZgP03F39w1xx7bOFCLDsWI75Nx8b6GEWcc8xAPb08mag+JA4fAs/jeIlDhRcwqtptvHhx2xTdiURuJr4KPHLJKP3cXjM40b3w2A+BSWCL7Qp050HS2IsXF1qqRURs2HMkzugVdpUGl6AGfeTCko0BXS0N1l1JeO/R6SJfCnBU/qomLqgWxRm0wlff+Hr+m1nlixPo5l+W2C9KKY4iUYo/ird4pSj5MwnkOYon+hFf8sAm6thUc3PvYxU4VVqlBVIDqyB/KcUje8M8UUoNFJ+4MkoAXReHUiqkWiJ7Q3FUcsqLUebDeCGTWdmxRbJFc+g2/cHHEbhurcgi+2r7uiZAdEBJ5B+2J/g/SrgSP/Pwlbej/oDqLDu7HWam7yuJA6uiVIHRK+/LDmXiQkhUr/Rcxp9WIQc93YXOijML1cE+rsL95Rn+jMSFnaf3nDu9+E+tVCMpmK5aLcluSP+Hz/+D9H9hJLxW+i8YKj3y53Z9VAAAAABJRU5ErkJggg==,"No matching page found for 'about', No matching page found for 'contact'","```json
{
  ""address"": ""15 Huxtable Terrace, Baldivis, 6171, WA"",
  ""contact_number"": ""0407 779 303"",
  ""name"": ""Charmaine Iversen"",
  ""about"": ""Charmaine Iversen is a Kinesiologist and Natural Therapist, helping others to improve their health and well-being since 2005. She offers a wide range of services including Kinesiology, Spinal Flow, Forensic Healing, BodyTalk Therapy, Access Consciousness and more. Charmaine is dedicated to helping others become the best version of themselves, and leading happy and healthy lives.""
}
```",,
http://superiorfencing.com.au,"Account Suspended
Account Suspended
This Account has been suspended.
Contact your hosting provider
for more information.",,,,"No matching page found for 'about', No matching page found for 'contact'","```json
{
  ""address"": ""n/a"",
  ""contact_number"": ""n/a"",
  ""name"": ""n/a"",
  ""about"": ""This Account has been suspended. Contact your hosting provider for more information.""
}
```",,
https://wordofmouthglobal.com/,"Word of Mouth
Toggle navigation
Home
About Lana
Why us
Who can benefit
Programs
Executive Assessment and Coaching Program
Individual Assessment and Coaching Program
Group Programs
FAQ
Client profiles, feedback and results
Blog
Contact us
You can transform the way you communicate and the impression you make on others.
The quality of your communication has a direct bearing on your career path, promotions, pay rises and all of your relationships.
Would you like to
speak with clarity, fluency and confidence
whenever you interact and engage with others?
Would you like to
transform your accent or voice
when you speak or sing?
Would you like to
enhance your personal presence
and further your career or win that new job?
Lana McCarthy has empowered thousands of adults over the past 28 years, transforming their lives through effective and powerful communication.
Reach your full potential and begin your journey to effect real and lasting change in your life.
Contact us now to start achieving your goals.
If you would like to find out more, have a look at some of our client profiles, feedback and results.
Jason
Wanted help with his English pronunciation and accent.
Natalie
Wanted help with her speaking and singing voices.
Zakh
Wanted help with his vocal delivery and presence.
Julie
Wanted help with her stutter.
© 2024 Word of Mouth",,"Contact us | Word of Mouth
Toggle navigation
Home
About Lana
Why us
Who can benefit
Programs
Executive Assessment and Coaching Program
Individual Assessment and Coaching Program
Group Programs
FAQ
Client profiles, feedback and results
Blog
Contact us
Office Location
St James Trust Building
Suite 407, Level 4
160 Castlereagh Street
Sydney NSW 2000
Telephone
(02) 9267 3790
Mobile
0411 454 784
Contact Us
First Name*
Last Name*
Please leave this field empty.
Phone
Your Email*
Your Message
Δ
Need Directions
© 2024 Word of Mouth",iVBORw0KGgoAAAANSUhEUgAAACYAAAAmCAIAAAAnX375AAAERklEQVR4nK1X21LqShDtmelcSCCIpMonX/3/n9rWtgRBE0IuMz3nYW3GCBSCx37AEJlefVm90lHivbWilHLOOeeYmYiUUkTkvRcR7733XimFm/i83pRSfd9HUaS1NkYrRSxCLy8vTdMMwyDyD9sYY61VI8N5BHETZBRFfd8nSZJl2XQ6LYqC397e1uv1MAzMrLWGX0R3lCs+4zi+CdI5Z61FCbXWRVFw0zRwFEURwIiImQOe915rHdLt+/4myCRJ4GoYhqqqyrJk770xhoj6vkdJkZDWGhGEOMapX29d12mtjTEI1znH+Af8MnMcx8MwWGtxP+TnD4biX28hRLhK05ThDreICOyIoohGXcRJrXVI/XoDE51z4CYRfUISkXOOiPI8XywWs9msbduqqqqqatvWOfeDFEMO4OY/JwCP4xikiuP48fHx7q4wRmXZpCzLxWKhlDLGpGmKpHEew+q9BwMC3VAwYwwqCci+73EhIow/cJQkSZ7nzBgVUoqYNciFygBJRFAP+LXWighCB7C1NqjHKd04xAKPIiJCWpOIN0YREeYHGCE5XARC4eu42eErDn6BhAuEhmntui5NE+ANg2uaBlEHCuCIiHRdhxmDh6COqOGYMl8gcVdrDXW11n58fLRtPJ/P9/t9XddVVYkIahj6h+4GNgE40Bu9QOVw/QUyzByC7bru9fXVWpumKcIMlYSLwBcoFNKFcB9JVWj8GcjQS3gxxhhj6rqOooiZgQGYJEmACpHqug5sz7IsJO2c6/seYnJ2qD7VB0+uPM8fHh6KYuqc11oNg91sNtvt1jk3n8+XyyXyMMbsdrvVakVEy+VyNptprZQiEarrerPZ1HUNZpzJEr0UkSiKkGtRTImIjSKiJGZFYodOKaWVn6Rx0OG7+azd78qyJCKjSSmy1jLzvJgWs3y73T4/P3vviI7pc7OagIGg/mw2Y+bw2AEBkcN0Op3P56cT8nNIkC7PcyKy1obm0Uil7+/vT+lKoZe3QqK23vvNZrPb7ay1k8lkuVxGURRgsizLsqze7f8vZDARqet6tVrt93uwl5nLsgzCwsxpmp5C3lzYMeR2u23blg4Lzvv7+1HzLg3J9RYEyBjTNA3KOB5T/OzCOnhzlmghEUGyITF938P7+DlPB+U7hjzaHA8OKZzE1EIBxnrmiUzEg5fBC7EJv8cTKTzyfpJlKNHZKo1Xsit360uQR405Rboy3Bsgx8fGnwHv1tXrWshv7Vbg74dk3K1T75/3D5viuK9no7mU5YUCnr1zGtZZyBuyvNzCb5GCqT/Pf9frNQYI24NzDhffRnOlYQnF9vv09MRd140xMO/GmLNT/AMLYHR4lHLYrGn0LggF+RXI8FqBDZuwOmPxQaLYDbGD/wpkHMdKKagxjJMkwbocXjR/t5fe+7ZtRWQymWBf5LJcDsOAlZwO72Y/k5WzlqYpNuSiKJjZGPUfbfDHnSCbXzQAAAAASUVORK5CYII=,No matching page found for 'about',"```json
{
  ""address"": ""n/a"",
  ""contact_number"": ""n/a"",
  ""name"": ""Lana McCarthy"",
  ""about"": ""Lana McCarthy has empowered thousands of adults over the past 28 years, transforming their lives through effective and powerful communication. Reach your full potential and begin your journey to effect real and lasting change in your life. Contact us now to start achieving your goals.""
}
```",,"```json
{
  ""address"": ""St James Trust Building\nSuite 407, Level 4\n160 Castlereagh Street\nSydney NSW 2000"",
  ""contact_number"": ""(02) 9267 3790"",
  ""name"": ""Word of Mouth"",
  ""about"": ""n/a""
}
```"
