url,response
http://topnotchroofing.com.au,n/a
https://www.cryoprep.com/,n/a
https://www.vitachiropractic.com.au/,"```json
{
  ""address"": ""68 Commercial Rd, Newstead QLD 4006"",
  ""contact_number"": ""0408 828 838"",
  ""name"": ""Vita Chiropractic & Massage""
}
```"
https://will-build-builder-carpenter.business.site/,n/a
https://e1poolcertifier.com/,"```json
{
  ""address"": ""27/58 Box Rd\nTaren Point 2229 NSW"",
  ""contact_number"": ""0414 446 780"",
  ""name"": ""E1 Pool Certifier""
}
```"
https://charmaineiversen.com.au/,"```json
{
    ""address"": ""15 Huxtable Terrace, Baldivis, 6171, WA"",
    ""contact_number"": ""0407 779 303"",
    ""name"": ""Charmaine Iversen""
}
```"
http://superiorfencing.com.au,"```json
{
  ""address"": ""n/a"",
  ""contact_number"": ""n/a"",
  ""name"": ""n/a""
}
```"
https://wordofmouthglobal.com/,"```json
{
  ""address"": ""n/a"",
  ""contact_number"": ""n/a"",
  ""name"": ""Lana McCarthy""
}
```"
https://www.industrialsteel.com.au/,"```json
{
  ""address"": ""Williamstown North, Victoria"",
  ""contact_number"": ""0410 748 197"",
  ""name"": ""Industrial Steel Fabricators (ISF) Pty Ltd""
}
```"
http://celebrantmissionbeach.com.au,"```json
{
  ""address"": ""n/a"",
  ""contact_number"": ""0447 682146"",
  ""name"": ""Maria Lago""
}
```"
https://figjam-painting-residential-commercial-painter-coffs.business.site/?m=true,n/a
https://www.kibbeycooper.com.au/,n/a
http://artandyou.com.au/,"```json
{
  ""address"": ""Newtown, Inner West of Sydney"",
  ""contact_number"": ""n/a"",
  ""name"": ""Art and You""
}
```"
https://www.ghcbuilding.com/,"```json
{
  ""address"": ""PO Box 1044\nStanthorpe QLD 4380"",
  ""contact_number"": ""0433 335 030"",
  ""name"": ""GHC Building Solutions""
}
```"
http://sced.com.au/,"```json
{
  ""address"": ""109 Groundwater Road, Southside"",
  ""contact_number"": ""0412 932 271"",
  ""name"": ""Southern Cross Electrical Data""
}
```"
https://thesoulalchemist.com.au/,"```json
{
    ""address"": ""847-849 Glenhuntly Road,\nCaulfield South, VIC 3162"",
    ""contact_number"": ""+61 (03) 9528 2828"",
    ""name"": ""Sharon Tal""
}
```"
http://www.wisehealth.com.au/,"```json
{
  ""address"": ""Suite 65, 15 Terminus St, Castle Hill NSW 2154"",
  ""contact_number"": ""0404 468 305"",
  ""name"": ""Wise Health and Wellness""
}
```"
https://www.lanneconveyancing.com.au/,"```json
{
  ""address"": ""PO Box 2175, BLACKBURN SOUTH 3130"",
  ""contact_number"": ""03 9899 4442"",
  ""name"": ""Lanne Conveyancing Services""
}
```"
https://www.awesomepawsome.com.au/,"```json
{
    ""address"": ""n/a"",
    ""contact_number"": ""+614 07 244 515"",
    ""name"": ""Awesome Pawsome Mobile Grooming""
}
```"
https://quickfreeze.au/,"```json
{
  ""address"": ""n/a"",
  ""contact_number"": ""0419 699 781"",
  ""name"": ""Quick Freeze""
}
```"
http://samanthamellingmassagetherapies.com.au,"```json
{
    ""address"": ""290 Warners Bay Road, Mount Hutton, NSW"",
    ""contact_number"": ""0435 874 664"",
    ""name"": ""Samantha Melling Massge""
}
```"
https://www.icepower.com.au/,"Safety issue, response not generated"
http://perthcremationswa.com.au,"```json
{
    ""address"": ""2/2 Carson Road, Malaga WA 6090, Australia"",
    ""contact_number"": ""1800 33 1990"",
    ""name"": ""Perth Cremations and Burials""
}
```"
https://soundequipmentmelbourne.com.au/,"```json
{
  ""address"": ""Montrose, VIC 3765"",
  ""contact_number"": ""0419 388 054"",
  ""name"": ""Starmist Studio""
}
```"
https://www.lasvisionplus.com.au/,"Safety issue, response not generated"
http://www.kanvaskraft.com.au,n/a
https://www.grothconstruct.com/,"```json
{
  ""address"": ""n/a"",
  ""contact_number"": ""0457 271 119"",
  ""name"": ""Groth Construct Pty Ltd.""
}
```"
https://aussiediscreetstore.com/,"Safety issue, response not generated"
http://www.centralcoastshuttersblindsandawnings.com.au/,"```json
{
    ""address"": ""49 Margherita Ave Bateau Bay NSW 2261"",
    ""contact_number"": ""0402 024 303"",
    ""name"": ""Central Coast Shutters Blinds & Awnings""
}
```"
http://www.autoelectrician2u.com.au/,"```json
{
  ""address"": ""Frankston VIC"",
  ""contact_number"": ""0432 876 136"",
  ""name"": ""Auto Electrician 2 U""
}
```"
http://kerwinhomes.com.au,"```json
{
  ""address"": ""Humphries Road, South MacLean"",
  ""contact_number"": ""0402 828 581"",
  ""name"": ""Kerwin Homes Pty Ltd""
}
```"
http://www.garmischfabrications.com.au/,"```json
{
  ""address"": ""2/14 Hinde St Southport QLD 4215"",
  ""contact_number"": ""0450 029 979"",
  ""name"": ""Garmisch Fabrications""
}
```"
https://www.beachstherapy.com.au,"```json
{
  ""address"": ""3 Woodberry Road, Winston Hills, NSW 2153"",
  ""contact_number"": ""0417 045 788"",
  ""name"": ""Beach's Family Therapy Centre""
}
```"
https://maitriclinic.com/,"```json
{
    ""address"": ""Lambton,\nNewcastle 2299"",
    ""contact_number"": ""0498494678"",
    ""name"": ""Maitri Clinic""
}
```"
https://yourceremony.net.au,n/a
https://munnoparaconcrete.com.au/,"```json
{
  ""address"": ""22b Charlotte Street\nSmithfield\nSA 5114\n(Address not for public access)"",
  ""contact_number"": ""0401 176 311"",
  ""name"": ""Munno Para Concrete""
}
```"
https://www.julieritch.com.au/,"```json
{
    ""address"": ""n/a"",
    ""contact_number"": ""n/a"",
    ""name"": ""Julie Ritch""
}
```"
https://www.celebranttasmania.com/,"```json
{
  ""address"": ""n/a"",
  ""contact_number"": ""0408 586 140"",
  ""name"": ""Bridget Walch""
}
```"
https://janela35.wixsite.com/lisaweddingservices,"```json
{
  ""address"": ""n/a"",
  ""contact_number"": ""+6144 568 219"",
  ""name"": ""Lisa Wu""
}
```"
http://paradisemarriages.com,"```json
{
    ""address"": ""23 Inveray Ave, Benowa QLD 4217"",
    ""contact_number"": ""0421722700"",
    ""name"": ""Paradise Marriages""
}
```"
http://creativeblockspsychology.com.au/,n/a
https://mary-ann-holt-celebrant-wedding-ceremonies.business.site/,n/a
http://www.metunghotsprings.com/metung-country-club,"```json
{
  ""address"": ""94 Kings Cove Boulevard, Metung 3904, East Gippsland, Victoria, Australia"",
  ""contact_number"": ""03 5141 2327"",
  ""name"": ""Metung Country Club""
}
```"
http://www.queenscliffgolfclub.com.au/,"```json
{
  ""address"": ""Golf Course Rd\nSwan Island VIC 3225"",
  ""contact_number"": ""(03) 5258 4344"",
  ""name"": ""Queenscliff Golf Club""
}
```"
https://www.facebook.com/www.golfclubtumba.com.au/,"```json
{
  ""address"": ""Golf Course Rd\nSwan Island VIC 3225"",
  ""contact_number"": ""(03) 5258 4344"",
  ""name"": ""Queenscliff Golf Club""
}
```"
http://www.beaconhillsgolf.com.au/,"```json
{
    ""address"": ""85-87 Stoney Creek Road,\nBeaconsfield Upper\u00A03808 VIC"",
    ""contact_number"": ""5945 9210"",
    ""name"": ""Cardinia Beaconhills Golf Links""
}
```"
http://www.cottesloegc.com/welcome/index.mhtml,"```json
{
  ""address"": ""173 Alfred Road\nSwanbourne WA 6010"",
  ""contact_number"": ""(08) 9384 3222"",
  ""name"": ""Cottesloe Golf Club""
}
```"
http://www.neangarparkgc.com/,"```json
{
    ""address"": ""7 Averys Road\nEaglehawk, Bendigo, VIC 3550"",
    ""contact_number"": ""+61 3 5446 8223"",
    ""name"": ""Neangar Park Golf Club""
}
```"
http://asquithgolfclub.com.au/,n/a
http://www.highercombegolf.com.au/,n/a
http://www.bayviewgolfclub.com.au/,"```json
{
  ""address"": ""1825 Pittwater Road\nMona Vale Sydney NSW 2103"",
  ""contact_number"": ""(02) 9999 3786"",
  ""name"": ""Bayview Golf Club""
}
```"
http://inverleighgolfclub.asn.au/,n/a
http://www.barnwellparkgolfclub.com.au/,"```json
{
  ""address"": ""551 Lyons Road West\nFive Dock NSW 2046\nAustralia"",
  ""contact_number"": ""02 9713 1162"",
  ""name"": ""Barnwell Park Golf Club""
}
```"
http://www.nswgolfclub.com.au/,"```json
{
  ""address"": ""Botany Bay National Park\nLa Perouse"",
  ""contact_number"": ""+61 2 9661 4455"",
  ""name"": ""New South Wales Golf Club""
}
```"
http://www.rowesbaygolfclub.com.au/?utm_source=google&utm_medium=organic&utm_campaign=gmb,"```json
{
  ""address"": ""Emmerson Street\nPALLARENDA QLD 4810\nTOWNSVILLE"",
  ""contact_number"": ""(07) 4774 1188"",
  ""name"": ""Rowes Bay Golf Club""
}
```"
https://eastwoodgolf.com.au/,n/a
http://www.cooberpedygolfclub.com.au/,"```json
{
  ""address"": ""Rowe Drive\nCoober Pedy"",
  ""contact_number"": ""0417217904"",
  ""name"": ""Coober Pedy Opal Fields Golf Club""
}
```"
http://www.sheppartongolf.net.au/,"```json
{
  ""address"": ""Golf Drive\nShepparton\nVIC 3630"",
  ""contact_number"": ""(03) 5821 2717"",
  ""name"": ""Shepparton Golf Club""
}
```"
http://www.moegolfclub.com.au/,"```json
{
  ""address"": ""Thompsons Road, Moe 3825 VIC"",
  ""contact_number"": ""(03) 5127 2731"",
  ""name"": ""Moe Golf Club""
}
```"
https://www.golf.org.au/?utm_source=gmb&utm_medium=organic&utm_campaign=gmb,"```json
{
  ""address"": ""n/a"",
  ""contact_number"": ""n/a"",
  ""name"": ""Golf Australia""
}
```"
https://www.humptydoogolfclub.com.au/,"```json
{
  ""address"": ""565 Pioneer Drive,\nHumpty Doo, NT, 0836"",
  ""contact_number"": ""(08) 8988 1118"",
  ""name"": ""Humpty Doo & Rural Area Golf Club""
}
```"
http://www.terreyhillsgolf.com.au/,"```json
{
    ""address"": ""116 Booralie Road,\nTerrey Hills, NSW, Australia 2084"",
    ""contact_number"": ""612 9450 0155"",
    ""name"": ""Terrey Hills Golf and Country Club""
}
```"
http://www.armidalegolf.com.au/,"```json
{
    ""address"": ""Golf Links Road\nArmidale, NSW, 2350"",
    ""contact_number"": ""(02) 6772 5837"",
    ""name"": ""Armidale Golf Club""
}
```"
http://www.devilbendgolf.com.au/,"```json
{
  ""address"": ""48 Loders Rd,\nMoorooduc VIC 3933"",
  ""contact_number"": ""(03) 5978 8405"",
  ""name"": ""Devilbend Golf Club""
}
```"
http://portmacquariegolf.com.au/,"```json
{
  ""address"": ""698 Ocean Drive,\nPort Macquarie\nNSW 2444"",
  ""contact_number"": ""(02) 6582 0409"",
  ""name"": ""Port Macquarie Golf Club""
}
```"
http://www.leuragolfclub.com.au/,"```json
{
  ""address"": ""n/a"",
  ""contact_number"": ""n/a"",
  ""name"": ""Leura Golf Club""
}
```"
https://jamberoogolf.com.au/,"```json
{
    ""address"": ""21 Allowrie Street\nJamberoo"",
    ""contact_number"": ""(02) 4236 0404"",
    ""name"": ""Jamberoo Golf Club""
}
```"
http://www.richriver.com.au/,"```json
{
    ""address"": ""Twenty Four Lane, Moama, NSW 2731"",
    ""contact_number"": ""03 5481 3333"",
    ""name"": ""Rich River Golf Club & Resort""
}
```"
http://www.facebook.com/moranbahgolfclub,"```json
{
  ""address"": ""Moranbah QLD"",
  ""contact_number"": ""n/a"",
  ""name"": ""Moranbah Golf Club""
}
```"
http://www.royalfremantlegc.com.au/,"```json
{
    ""address"": ""359 High Street\nFremantle\nWA, 6160"",
    ""contact_number"": ""(08) 9335 3866"",
    ""name"": ""Royal Fremantle Golf Club""
}
```"
http://www.cheltenhamgolf.com.au/,"```json
{
    ""address"": ""35 Victor Avenue\nCheltenham, VIC 3192"",
    ""contact_number"": ""+61 3 9583 6419"",
    ""name"": ""Cheltenham Golf Club""
}
```"
http://www.boxhillgolfclub.com.au/?utm_source=GMB&utm_medium=GMB&utm_campaign=GMB,n/a
https://forstertuncurrygolf.com.au/,"```json
{
  ""address"": ""Strand Street Forster NSW 2428"",
  ""contact_number"": ""02 6554 6799"",
  ""name"": ""Forster Tuncurry Golf Club""
}
```"
http://www.sandygallop.com.au/,"```json
{
    ""address"": ""100 Lobb Street, Ipswich Qld 4305"",
    ""contact_number"": ""(07) 3281 8544"",
    ""name"": ""Sandy Gallop Golf Club Ipswich""
}
```"
http://penfieldgolfclub.com.au/,"```json
{
  ""address"": ""Salisbury, about half an hour’s drive north of Adelaide’s CBD"",
  ""contact_number"": ""n/a"",
  ""name"": ""Penfield Golf Club""
}
```"
http://www.howlonggolf.com.au/,"```json
{
  ""address"": ""186 Golf club drive, howlong nsw 2643"",
  ""contact_number"": ""(02) 6026 5588"",
  ""name"": ""Howlong Golf Resort""
}
```"
http://www.windaroolakes.com.au/,"```json
{
  ""address"": ""Anna-Lousie Terrace\nWindaroo QLD 4207"",
  ""contact_number"": ""(07) 3804 0655"",
  ""name"": ""Windaroo Lakes Golf Club""
}
```"
http://www.nudgeegolf.com.au/,"```json
{
    ""address"": ""1207 Nudgee Road\nNudgee, Queensland 4014"",
    ""contact_number"": ""+61 07 3267 7744"",
    ""name"": ""Nudgee Golf Club""
}
```"
http://redcliffegolf.com/,"```json
{
  ""address"": ""Handsworth Street\nClontarf  QLD  4019"",
  ""contact_number"": ""+61 7 3284 5485"",
  ""name"": ""Redcliffe Golf Club""
}
```"
http://www.camdengolfclub.com.au/,n/a
http://www.hamiltonisland.com.au/bars-and-clubs/clubhouse-restaurant,"```json
{
  ""address"": ""n/a"",
  ""contact_number"": ""+61 7 4948 9760"",
  ""name"": ""Hamilton Island Golf Club""
}
```"
http://theridgegolf.com.au/,"```json
{
  ""address"": ""Recreation Drive\noff New Illawarra Road\nBarden Ridge NSW 2234"",
  ""contact_number"": ""(02) 9541 4960"",
  ""name"": ""The Ridge Golf Course and Driving Range""
}
```"
https://meadowpark.com.au/,n/a
http://www.port.golf/,"Safety issue, response not generated"
http://www.ouyengolfclub.com.au/,"```json
{
  ""address"": ""Ouyen Golf Club, PO Box 39, VIC 3490"",
  ""contact_number"": ""(03) 5092 1068"",
  ""name"": ""Ouyen Golf Club""
}
```"
https://www.wgc.net.au/cms/,n/a
http://www.murwillumbahgolfclub.com.au/,"```json
{
  ""address"": ""233 Byangum Road, Murwillumbah NSW 2484\nPO Box 185, Murwillumbah NSW 2484"",
  ""contact_number"": ""(02) 6672 1799"",
  ""name"": ""Murwillumbah Golf Club""
}
```"
http://aehgroup.com.au/shop,n/a
http://www.cranbournegolf.com.au/,n/a
http://www.portkemblagolfclub.com.au/,"```json
{
    ""address"": ""Golf Place, Primbee NSW"",
    ""contact_number"": ""(02) 4274 1159"",
    ""name"": ""Port Kembla Golf Club""
}
```"
http://www.lonsdalelinks.com.au/,"```json
{
    ""address"": ""Golf Place, Primbee NSW"",
    ""contact_number"": ""(02) 4274 1159"",
    ""name"": ""Port Kembla Golf Club""
}
```"
http://www.inverlochpar3.com.au/,n/a
https://swanreachgolfclub.com.au/,"```json
{
  ""address"": ""187 Nildottie Road, Swan Reach"",
  ""contact_number"": ""n/a"",
  ""name"": ""Swan Reach Golf Club""
}
```"
http://hamiltongolfclub.com.au/,n/a
http://www.camdenlakeside.com.au/,n/a
http://www.brightonlakesrgc.com.au/,n/a
http://www.sandhurst.com/,"```json
{
""address"": ""n/a"",
""contact_number"": ""n/a"",
""name"": ""Sandhurst Club""
}
```"
https://mtderrimut.com.au/,"```json
{
  ""address"": ""475 Mt Derrimut Road,\nDerrimut, Victoria, 3026"",
  ""contact_number"": ""(03) 8737 9011"",
  ""name"": ""Mt Derrimut Golf & Community Club""
}
```"
